circuit,attack_type,noise_rate,expected_label,prediction,correct_prediction,status,risk_level,risk_score,anomaly_probability,normal_probability,noise_tvd_baseline,observed_tvd,excess_tvd,calibrated_probability,num_qubits,depth,total_gates
adder_n4.qasm,Normal,0.005,0,0,1,NORMAL,LOW,6.21,8.87,91.13,0.1857,0.09,0.0,6.21,4,12,27
adder_n4.qasm,Gate Insertion,0.005,1,1,1,ANOMALOUS,HIGH,97.56,96.52,3.48,0.1857,1.0,0.8143,97.56,4,12,28
adder_n4.qasm,Gate Deletion,0.005,1,0,0,NORMAL,LOW,7.74,11.05,88.95,0.1857,0.08,0.0,7.74,4,11,26
adder_n4.qasm,Gate Substitution,0.005,1,1,1,ANOMALOUS,MEDIUM,54.68,78.12,21.88,0.1857,0.09,0.0,54.68,4,12,27
adder_n4.qasm,Multiple Gate Insertion,0.005,1,1,1,ANOMALOUS,HIGH,99.62,99.46,0.54,0.1857,0.945,0.7593,99.62,4,14,29
adder_n4.qasm,Normal,0.01,0,0,1,NORMAL,LOW,12.02,17.17,82.83,0.2346,0.17,0.0,12.02,4,12,27
adder_n4.qasm,Gate Insertion,0.01,1,1,1,ANOMALOUS,MEDIUM,67.5,96.43,3.57,0.2346,0.14,0.0,67.5,4,12,28
adder_n4.qasm,Gate Deletion,0.01,1,0,0,NORMAL,LOW,14.64,20.91,79.09,0.2346,0.195,0.0,14.64,4,12,26
adder_n4.qasm,Gate Substitution,0.01,1,1,1,ANOMALOUS,HIGH,99.38,99.11,0.89,0.2346,0.975,0.7404,99.38,4,12,27
adder_n4.qasm,Multiple Gate Insertion,0.01,1,1,1,ANOMALOUS,HIGH,99.85,99.79,0.21,0.2346,0.99,0.7554,99.85,4,12,29
adder_n4.qasm,Normal,0.02,0,0,1,NORMAL,LOW,12.87,18.39,81.61,0.2982,0.265,0.0,12.87,4,12,27
adder_n4.qasm,Gate Insertion,0.02,1,1,1,ANOMALOUS,HIGH,99.32,99.02,0.98,0.2982,0.93,0.6318,99.32,4,13,28
adder_n4.qasm,Gate Deletion,0.02,1,1,1,ANOMALOUS,HIGH,98.4,97.71,2.29,0.2982,0.81,0.5118,98.4,4,12,26
adder_n4.qasm,Gate Substitution,0.02,1,1,1,ANOMALOUS,HIGH,99.22,98.89,1.11,0.2982,0.985,0.6868,99.22,4,12,27
adder_n4.qasm,Multiple Gate Insertion,0.02,1,1,1,ANOMALOUS,HIGH,99.84,99.77,0.23,0.2982,0.98,0.6818,99.84,4,13,29
adder_n4.qasm,Normal,0.03,0,1,0,ANOMALOUS,MEDIUM,47.4,58.36,41.64,0.3458,0.455,0.1092,47.4,4,12,27
adder_n4.qasm,Gate Insertion,0.03,1,1,1,ANOMALOUS,MEDIUM,69.57,94.74,5.26,0.3458,0.4,0.0542,69.57,4,13,28
adder_n4.qasm,Gate Deletion,0.03,1,1,1,ANOMALOUS,HIGH,98.29,97.56,2.44,0.3458,0.97,0.6242,98.29,4,12,26
adder_n4.qasm,Gate Substitution,0.03,1,1,1,ANOMALOUS,MEDIUM,65.62,89.1,10.9,0.3458,0.4,0.0542,65.62,4,12,27
adder_n4.qasm,Multiple Gate Insertion,0.03,1,1,1,ANOMALOUS,HIGH,90.48,98.47,1.53,0.3458,0.705,0.3592,90.48,4,13,29
adder_n4.qasm,Normal,0.04,0,1,0,ANOMALOUS,MEDIUM,58.77,71.85,28.15,0.3788,0.52,0.1412,58.77,4,12,27
adder_n4.qasm,Gate Insertion,0.04,1,1,1,ANOMALOUS,HIGH,87.05,92.97,7.03,0.3788,0.745,0.3662,87.05,4,12,28
adder_n4.qasm,Gate Deletion,0.04,1,1,1,ANOMALOUS,HIGH,98.28,97.54,2.46,0.3788,0.975,0.5962,98.28,4,12,26
adder_n4.qasm,Gate Substitution,0.04,1,1,1,ANOMALOUS,HIGH,76.95,83.26,16.74,0.3788,0.69,0.3112,76.95,4,12,27
adder_n4.qasm,Multiple Gate Insertion,0.04,1,1,1,ANOMALOUS,HIGH,91.65,99.12,0.88,0.3788,0.75,0.3712,91.65,4,13,29
adder_n4.qasm,Normal,0.05,0,1,0,ANOMALOUS,MEDIUM,57.28,71.85,28.15,0.4186,0.535,0.1164,57.28,4,12,27
adder_n4.qasm,Gate Insertion,0.05,1,1,1,ANOMALOUS,HIGH,99.3,99.0,1.0,0.4186,0.96,0.5414,99.3,4,12,28
adder_n4.qasm,Gate Deletion,0.05,1,1,1,ANOMALOUS,MEDIUM,62.68,71.85,28.15,0.4186,0.625,0.2064,62.68,4,12,26
adder_n4.qasm,Gate Substitution,0.05,1,1,1,ANOMALOUS,HIGH,96.36,94.81,5.19,0.4186,0.985,0.5664,96.36,4,12,27
adder_n4.qasm,Multiple Gate Insertion,0.05,1,1,1,ANOMALOUS,HIGH,99.33,99.05,0.95,0.4186,0.965,0.5464,99.33,4,12,29
basis_change_n3.qasm,Normal,0.005,0,0,1,NORMAL,LOW,4.01,5.72,94.28,0.1857,0.115,0.0,4.01,3,22,36
basis_change_n3.qasm,Gate Insertion,0.005,1,1,1,ANOMALOUS,HIGH,81.74,84.25,15.75,0.1857,0.565,0.3793,81.74,3,23,37
basis_change_n3.qasm,Gate Deletion,0.005,1,0,0,NORMAL,LOW,9.3,13.28,86.72,0.1857,0.185,0.0,9.3,3,22,35
basis_change_n3.qasm,Gate Substitution,0.005,1,1,1,ANOMALOUS,HIGH,96.72,95.31,4.69,0.1857,0.91,0.7243,96.72,3,22,36
basis_change_n3.qasm,Multiple Gate Insertion,0.005,1,1,1,ANOMALOUS,HIGH,90.82,98.08,1.92,0.1857,0.555,0.3693,90.82,3,24,38
basis_change_n3.qasm,Normal,0.01,0,0,1,NORMAL,LOW,10.42,14.89,85.11,0.2346,0.205,0.0,10.42,3,22,36
basis_change_n3.qasm,Gate Insertion,0.01,1,1,1,ANOMALOUS,HIGH,97.83,96.9,3.1,0.2346,0.935,0.7004,97.83,3,23,37
basis_change_n3.qasm,Gate Deletion,0.01,1,0,0,NORMAL,LOW,18.77,26.81,73.19,0.2346,0.23,0.0,18.77,3,22,35
basis_change_n3.qasm,Gate Substitution,0.01,1,1,1,ANOMALOUS,HIGH,92.73,96.86,3.14,0.2346,0.65,0.4154,92.73,3,22,36
basis_change_n3.qasm,Multiple Gate Insertion,0.01,1,1,1,ANOMALOUS,MEDIUM,67.69,96.7,3.3,0.2346,0.195,0.0,67.69,3,23,38
basis_change_n3.qasm,Normal,0.02,0,1,0,ANOMALOUS,MEDIUM,48.85,61.49,38.51,0.2982,0.395,0.0968,48.85,3,22,36
basis_change_n3.qasm,Gate Insertion,0.02,1,1,1,ANOMALOUS,HIGH,99.13,98.75,1.25,0.2982,0.895,0.5968,99.13,3,23,37
basis_change_n3.qasm,Gate Deletion,0.02,1,1,1,ANOMALOUS,HIGH,75.67,78.79,21.21,0.2982,0.64,0.3418,75.67,3,22,35
basis_change_n3.qasm,Gate Substitution,0.02,1,1,1,ANOMALOUS,HIGH,99.05,98.64,1.36,0.2982,0.91,0.6118,99.05,3,22,36
basis_change_n3.qasm,Multiple Gate Insertion,0.02,1,1,1,ANOMALOUS,HIGH,99.57,99.38,0.62,0.2982,0.905,0.6068,99.57,3,24,38
basis_change_n3.qasm,Normal,0.03,0,1,0,ANOMALOUS,MEDIUM,53.22,60.24,39.76,0.3458,0.53,0.1842,53.22,3,22,36
basis_change_n3.qasm,Gate Insertion,0.03,1,1,1,ANOMALOUS,HIGH,98.95,98.5,1.5,0.3458,0.885,0.5392,98.95,3,22,37
basis_change_n3.qasm,Gate Deletion,0.03,1,1,1,ANOMALOUS,MEDIUM,61.18,66.05,33.95,0.3458,0.595,0.2492,61.18,3,22,35
basis_change_n3.qasm,Gate Substitution,0.03,1,1,1,ANOMALOUS,MEDIUM,62.32,68.53,31.47,0.3458,0.585,0.2392,62.32,3,22,36
basis_change_n3.qasm,Multiple Gate Insertion,0.03,1,1,1,ANOMALOUS,HIGH,99.54,99.34,0.66,0.3458,0.86,0.5142,99.54,3,23,38
basis_change_n3.qasm,Normal,0.04,0,0,1,NORMAL,MEDIUM,46.88,48.01,51.99,0.3788,0.6,0.2212,46.88,3,22,36
basis_change_n3.qasm,Gate Insertion,0.04,1,1,1,ANOMALOUS,HIGH,74.9,88.05,11.95,0.3788,0.6,0.2212,74.9,3,23,37
basis_change_n3.qasm,Gate Deletion,0.04,1,1,1,ANOMALOUS,HIGH,93.91,94.62,5.38,0.3788,0.84,0.4612,93.91,3,21,35
basis_change_n3.qasm,Gate Substitution,0.04,1,1,1,ANOMALOUS,HIGH,93.3,98.47,1.53,0.3788,0.785,0.4062,93.3,3,22,36
basis_change_n3.qasm,Multiple Gate Insertion,0.04,1,1,1,ANOMALOUS,HIGH,91.35,96.54,3.46,0.3788,0.775,0.3962,91.35,3,22,38
basis_change_n3.qasm,Normal,0.05,0,1,0,ANOMALOUS,MEDIUM,63.11,65.61,34.39,0.4186,0.705,0.2864,63.11,3,22,36
basis_change_n3.qasm,Gate Insertion,0.05,1,1,1,ANOMALOUS,HIGH,95.8,98.6,1.4,0.4186,0.865,0.4464,95.8,3,22,37
basis_change_n3.qasm,Gate Deletion,0.05,1,1,1,ANOMALOUS,HIGH,88.82,94.62,5.38,0.4186,0.795,0.3764,88.82,3,21,35
basis_change_n3.qasm,Gate Substitution,0.05,1,1,1,ANOMALOUS,HIGH,91.82,98.47,1.53,0.4186,0.8,0.3814,91.82,3,22,36
basis_change_n3.qasm,Multiple Gate Insertion,0.05,1,1,1,ANOMALOUS,HIGH,90.0,98.87,1.13,0.4186,0.765,0.3464,90.0,3,23,38
bb84_n8.qasm,Normal,0.005,0,0,1,NORMAL,LOW,25.62,31.94,68.06,0.1857,0.24,0.0543,25.62,8,7,43
bb84_n8.qasm,Gate Insertion,0.005,1,1,1,ANOMALOUS,HIGH,71.02,96.37,3.63,0.1857,0.245,0.0593,71.02,8,8,44
bb84_n8.qasm,Gate Deletion,0.005,1,1,1,ANOMALOUS,HIGH,97.37,96.25,3.75,0.1857,0.995,0.8093,97.37,8,7,42
bb84_n8.qasm,Gate Substitution,0.005,1,1,1,ANOMALOUS,HIGH,74.74,99.11,0.89,0.1857,0.275,0.0893,74.74,8,7,43
bb84_n8.qasm,Multiple Gate Insertion,0.005,1,1,1,ANOMALOUS,HIGH,99.7,99.57,0.43,0.1857,1.0,0.8143,99.7,8,7,45
bb84_n8.qasm,Normal,0.01,0,0,1,NORMAL,LOW,22.36,31.94,68.06,0.2346,0.225,0.0,22.36,8,7,43
bb84_n8.qasm,Gate Insertion,0.01,1,1,1,ANOMALOUS,HIGH,70.52,95.99,4.01,0.2346,0.29,0.0554,70.52,8,7,44
bb84_n8.qasm,Gate Deletion,0.01,1,0,0,NORMAL,LOW,18.28,26.12,73.88,0.2346,0.215,0.0,18.28,8,7,42
bb84_n8.qasm,Gate Substitution,0.01,1,1,1,ANOMALOUS,HIGH,82.63,97.87,2.13,0.2346,0.47,0.2354,82.63,8,7,43
bb84_n8.qasm,Multiple Gate Insertion,0.01,1,1,1,ANOMALOUS,MEDIUM,67.95,97.08,2.92,0.2346,0.175,0.0,67.95,8,7,45
bb84_n8.qasm,Normal,0.02,0,0,1,NORMAL,LOW,17.21,24.58,75.42,0.2982,0.28,0.0,17.21,8,7,43
bb84_n8.qasm,Gate Insertion,0.02,1,0,0,NORMAL,LOW,28.43,40.62,59.38,0.2982,0.275,0.0,28.43,8,7,44
bb84_n8.qasm,Gate Deletion,0.02,1,0,0,NORMAL,LOW,15.63,22.32,77.68,0.2982,0.24,0.0,15.63,8,7,42
bb84_n8.qasm,Gate Substitution,0.02,1,1,1,ANOMALOUS,HIGH,86.4,98.84,1.16,0.2982,0.585,0.2868,86.4,8,7,43
bb84_n8.qasm,Multiple Gate Insertion,0.02,1,1,1,ANOMALOUS,HIGH,99.67,99.52,0.48,0.2982,0.935,0.6368,99.67,8,7,45
bb84_n8.qasm,Normal,0.03,0,0,1,NORMAL,LOW,25.88,36.96,63.04,0.3458,0.31,0.0,25.88,8,7,43
bb84_n8.qasm,Gate Insertion,0.03,1,1,1,ANOMALOUS,MEDIUM,65.16,93.08,6.92,0.3458,0.275,0.0,65.16,8,8,44
bb84_n8.qasm,Gate Deletion,0.03,1,1,1,ANOMALOUS,HIGH,72.46,91.59,8.41,0.3458,0.485,0.1392,72.46,8,7,42
bb84_n8.qasm,Gate Substitution,0.03,1,1,1,ANOMALOUS,MEDIUM,68.74,98.2,1.8,0.3458,0.305,0.0,68.74,8,7,43
bb84_n8.qasm,Multiple Gate Insertion,0.03,1,0,0,NORMAL,LOW,12.66,18.08,81.92,0.3458,0.23,0.0,12.66,8,7,45
bb84_n8.qasm,Normal,0.04,0,0,1,NORMAL,LOW,23.37,33.39,66.61,0.3788,0.315,0.0,23.37,8,7,43
bb84_n8.qasm,Gate Insertion,0.04,1,1,1,ANOMALOUS,HIGH,98.66,98.08,1.92,0.3788,0.905,0.5262,98.66,8,7,44
bb84_n8.qasm,Gate Deletion,0.04,1,0,0,NORMAL,LOW,12.37,17.67,82.33,0.3788,0.28,0.0,12.37,8,7,42
bb84_n8.qasm,Gate Substitution,0.04,1,1,1,ANOMALOUS,MEDIUM,68.02,97.17,2.83,0.3788,0.29,0.0,68.02,8,7,43
bb84_n8.qasm,Multiple Gate Insertion,0.04,1,1,1,ANOMALOUS,HIGH,79.22,98.07,1.93,0.3788,0.555,0.1762,79.22,8,7,45
bb84_n8.qasm,Normal,0.05,0,0,1,NORMAL,MEDIUM,31.48,44.97,55.03,0.4186,0.355,0.0,31.48,8,7,43
bb84_n8.qasm,Gate Insertion,0.05,1,1,1,ANOMALOUS,MEDIUM,44.21,63.16,36.84,0.4186,0.335,0.0,44.21,8,7,44
bb84_n8.qasm,Gate Deletion,0.05,1,1,1,ANOMALOUS,HIGH,74.48,92.99,7.01,0.4186,0.575,0.1564,74.48,8,7,42
bb84_n8.qasm,Gate Substitution,0.05,1,1,1,ANOMALOUS,MEDIUM,64.35,80.24,19.76,0.4186,0.555,0.1364,64.35,8,7,43
bb84_n8.qasm,Multiple Gate Insertion,0.05,1,1,1,ANOMALOUS,HIGH,96.58,99.7,0.3,0.4186,0.865,0.4464,96.58,8,7,45
bell_n4.qasm,Normal,0.005,0,0,1,NORMAL,LOW,13.51,19.3,80.7,0.1857,0.135,0.0,13.51,4,14,37
bell_n4.qasm,Gate Insertion,0.005,1,1,1,ANOMALOUS,HIGH,80.96,98.57,1.43,0.1857,0.385,0.1993,80.96,4,14,38
bell_n4.qasm,Gate Deletion,0.005,1,0,0,NORMAL,MEDIUM,33.95,42.55,57.45,0.1857,0.255,0.0693,33.95,4,14,36
bell_n4.qasm,Gate Substitution,0.005,1,1,1,ANOMALOUS,HIGH,78.3,97.77,2.23,0.1857,0.35,0.1643,78.3,4,14,37
bell_n4.qasm,Multiple Gate Insertion,0.005,1,1,1,ANOMALOUS,HIGH,97.92,99.66,0.34,0.1857,0.655,0.4693,97.92,4,15,39
bell_n4.qasm,Normal,0.01,0,0,1,NORMAL,LOW,15.39,21.99,78.01,0.2346,0.155,0.0,15.39,4,14,37
bell_n4.qasm,Gate Insertion,0.01,1,1,1,ANOMALOUS,HIGH,78.25,94.18,5.82,0.2346,0.44,0.2054,78.25,4,15,38
bell_n4.qasm,Gate Deletion,0.01,1,1,1,ANOMALOUS,MEDIUM,63.27,81.78,18.22,0.2346,0.335,0.1004,63.27,4,13,36
bell_n4.qasm,Gate Substitution,0.01,1,1,1,ANOMALOUS,HIGH,80.9,93.68,6.32,0.2346,0.49,0.2554,80.9,4,14,37
bell_n4.qasm,Multiple Gate Insertion,0.01,1,1,1,ANOMALOUS,HIGH,77.04,98.45,1.55,0.2346,0.37,0.1354,77.04,4,14,39
bell_n4.qasm,Normal,0.02,0,0,1,NORMAL,LOW,25.2,36.0,64.0,0.2982,0.245,0.0,25.2,4,14,37
bell_n4.qasm,Gate Insertion,0.02,1,1,1,ANOMALOUS,MEDIUM,38.61,55.16,44.84,0.2982,0.285,0.0,38.61,4,14,38
bell_n4.qasm,Gate Deletion,0.02,1,1,1,ANOMALOUS,MEDIUM,51.55,70.91,29.09,0.2982,0.33,0.0318,51.55,4,14,36
bell_n4.qasm,Gate Substitution,0.02,1,1,1,ANOMALOUS,MEDIUM,57.17,77.66,22.34,0.2982,0.345,0.0468,57.17,4,14,37
bell_n4.qasm,Multiple Gate Insertion,0.02,1,1,1,ANOMALOUS,MEDIUM,68.63,98.04,1.96,0.2982,0.215,0.0,68.63,4,14,39
bell_n4.qasm,Normal,0.03,0,0,1,NORMAL,MEDIUM,30.28,43.26,56.74,0.3458,0.295,0.0,30.28,4,14,37
bell_n4.qasm,Gate Insertion,0.03,1,1,1,ANOMALOUS,MEDIUM,69.37,99.1,0.9,0.3458,0.21,0.0,69.37,4,14,38
bell_n4.qasm,Gate Deletion,0.03,1,1,1,ANOMALOUS,MEDIUM,41.18,58.83,41.17,0.3458,0.315,0.0,41.18,4,14,36
bell_n4.qasm,Gate Substitution,0.03,1,1,1,ANOMALOUS,HIGH,72.73,88.98,11.02,0.3458,0.52,0.1742,72.73,4,14,37
bell_n4.qasm,Multiple Gate Insertion,0.03,1,1,1,ANOMALOUS,HIGH,73.97,99.32,0.68,0.3458,0.42,0.0742,73.97,4,15,39
bell_n4.qasm,Normal,0.04,0,0,1,NORMAL,LOW,21.62,30.88,69.12,0.3788,0.245,0.0,21.62,4,14,37
bell_n4.qasm,Gate Insertion,0.04,1,1,1,ANOMALOUS,HIGH,71.21,92.2,7.8,0.3788,0.49,0.1112,71.21,4,15,38
bell_n4.qasm,Gate Deletion,0.04,1,1,1,ANOMALOUS,MEDIUM,56.88,79.87,20.13,0.3788,0.395,0.0162,56.88,4,14,36
bell_n4.qasm,Gate Substitution,0.04,1,1,1,ANOMALOUS,MEDIUM,51.16,73.08,26.92,0.3788,0.335,0.0,51.16,4,14,37
bell_n4.qasm,Multiple Gate Insertion,0.04,1,1,1,ANOMALOUS,MEDIUM,57.1,81.57,18.43,0.3788,0.35,0.0,57.1,4,15,39
bell_n4.qasm,Normal,0.05,0,1,0,ANOMALOUS,MEDIUM,48.04,68.63,31.37,0.4186,0.355,0.0,48.04,4,14,37
bell_n4.qasm,Gate Insertion,0.05,1,1,1,ANOMALOUS,HIGH,72.01,97.6,2.4,0.4186,0.48,0.0614,72.01,4,15,38
bell_n4.qasm,Gate Deletion,0.05,1,1,1,ANOMALOUS,MEDIUM,37.59,53.7,46.3,0.4186,0.305,0.0,37.59,4,13,36
bell_n4.qasm,Gate Substitution,0.05,1,1,1,ANOMALOUS,MEDIUM,66.0,94.29,5.71,0.4186,0.39,0.0,66.0,4,14,37
bell_n4.qasm,Multiple Gate Insertion,0.05,1,1,1,ANOMALOUS,MEDIUM,68.05,97.22,2.78,0.4186,0.35,0.0,68.05,4,16,39
cat_state_n4.qasm,Normal,0.005,0,0,1,NORMAL,LOW,5.44,7.77,92.23,0.1857,0.025,0.0,5.44,4,5,8
cat_state_n4.qasm,Gate Insertion,0.005,1,1,1,ANOMALOUS,HIGH,99.08,98.68,1.32,0.1857,0.985,0.7993,99.08,4,6,9
cat_state_n4.qasm,Gate Deletion,0.005,1,1,1,ANOMALOUS,HIGH,90.53,97.24,2.76,0.1857,0.56,0.3743,90.53,4,3,7
cat_state_n4.qasm,Gate Substitution,0.005,1,1,1,ANOMALOUS,HIGH,82.7,95.06,4.94,0.1857,0.455,0.2693,82.7,4,5,8
cat_state_n4.qasm,Multiple Gate Insertion,0.005,1,1,1,ANOMALOUS,MEDIUM,68.37,97.67,2.33,0.1857,0.075,0.0,68.37,4,6,10
cat_state_n4.qasm,Normal,0.01,0,0,1,NORMAL,LOW,5.44,7.77,92.23,0.2346,0.115,0.0,5.44,4,5,8
cat_state_n4.qasm,Gate Insertion,0.01,1,1,1,ANOMALOUS,HIGH,99.62,99.46,0.54,0.2346,0.99,0.7554,99.62,4,6,9
cat_state_n4.qasm,Gate Deletion,0.01,1,1,1,ANOMALOUS,HIGH,86.09,97.24,2.76,0.2346,0.535,0.3004,86.09,4,4,7
cat_state_n4.qasm,Gate Substitution,0.01,1,1,1,ANOMALOUS,HIGH,79.77,95.06,4.94,0.2346,0.455,0.2204,79.77,4,5,8
cat_state_n4.qasm,Multiple Gate Insertion,0.01,1,1,1,ANOMALOUS,HIGH,99.08,98.68,1.32,0.2346,1.0,0.7654,99.08,4,6,10
cat_state_n4.qasm,Normal,0.02,0,0,1,NORMAL,LOW,6.51,9.3,90.7,0.2982,0.06,0.0,6.51,4,5,8
cat_state_n4.qasm,Gate Insertion,0.02,1,1,1,ANOMALOUS,HIGH,99.54,99.34,0.66,0.2982,0.99,0.6918,99.54,4,6,9
cat_state_n4.qasm,Gate Deletion,0.02,1,1,1,ANOMALOUS,HIGH,85.56,95.92,4.08,0.2982,0.605,0.3068,85.56,4,3,7
cat_state_n4.qasm,Gate Substitution,0.02,1,1,1,ANOMALOUS,HIGH,73.76,92.78,7.22,0.2982,0.445,0.1468,73.76,4,5,8
cat_state_n4.qasm,Multiple Gate Insertion,0.02,1,1,1,ANOMALOUS,HIGH,99.85,99.79,0.21,0.2982,0.98,0.6818,99.85,4,6,10
cat_state_n4.qasm,Normal,0.03,0,0,1,NORMAL,LOW,6.92,9.88,90.12,0.3458,0.105,0.0,6.92,4,5,8
cat_state_n4.qasm,Gate Insertion,0.03,1,1,1,ANOMALOUS,HIGH,79.81,94.8,5.2,0.3458,0.57,0.2242,79.81,4,6,9
cat_state_n4.qasm,Gate Deletion,0.03,1,1,1,ANOMALOUS,HIGH,76.82,94.39,5.61,0.3458,0.525,0.1792,76.82,4,4,7
cat_state_n4.qasm,Gate Substitution,0.03,1,1,1,ANOMALOUS,HIGH,78.06,99.15,0.85,0.3458,0.49,0.1442,78.06,4,5,8
cat_state_n4.qasm,Multiple Gate Insertion,0.03,1,1,1,ANOMALOUS,HIGH,99.79,99.69,0.31,0.3458,0.965,0.6192,99.79,4,5,10
cat_state_n4.qasm,Normal,0.04,0,0,1,NORMAL,LOW,9.2,13.15,86.85,0.3788,0.155,0.0,9.2,4,5,8
cat_state_n4.qasm,Gate Insertion,0.04,1,1,1,ANOMALOUS,HIGH,98.77,98.24,1.76,0.3788,0.96,0.5812,98.77,4,5,9
cat_state_n4.qasm,Gate Deletion,0.04,1,1,1,ANOMALOUS,HIGH,77.78,93.02,6.98,0.3788,0.59,0.2112,77.78,4,3,7
cat_state_n4.qasm,Gate Substitution,0.04,1,1,1,ANOMALOUS,HIGH,70.74,98.39,1.61,0.3788,0.41,0.0312,70.74,4,5,8
cat_state_n4.qasm,Multiple Gate Insertion,0.04,1,1,1,ANOMALOUS,MEDIUM,66.8,95.43,4.57,0.3788,0.215,0.0,66.8,4,7,10
cat_state_n4.qasm,Normal,0.05,0,0,1,NORMAL,LOW,10.01,14.3,85.7,0.4186,0.185,0.0,10.01,4,5,8
cat_state_n4.qasm,Gate Insertion,0.05,1,1,1,ANOMALOUS,HIGH,72.88,92.42,7.58,0.4186,0.555,0.1364,72.88,4,6,9
cat_state_n4.qasm,Gate Deletion,0.05,1,1,1,ANOMALOUS,MEDIUM,61.64,85.78,14.22,0.4186,0.445,0.0264,61.64,4,4,7
cat_state_n4.qasm,Gate Substitution,0.05,1,1,1,ANOMALOUS,HIGH,72.17,98.69,1.31,0.4186,0.47,0.0514,72.17,4,5,8
cat_state_n4.qasm,Multiple Gate Insertion,0.05,1,1,1,ANOMALOUS,HIGH,98.66,98.08,1.92,0.4186,0.93,0.5114,98.66,4,6,10
deutsch_n2.qasm,Normal,0.005,0,0,1,NORMAL,LOW,6.04,8.63,91.37,0.1857,0.075,0.0,6.04,2,5,7
deutsch_n2.qasm,Gate Insertion,0.005,1,1,1,ANOMALOUS,MEDIUM,68.02,97.17,2.83,0.1857,0.06,0.0,68.02,2,6,8
deutsch_n2.qasm,Gate Deletion,0.005,1,1,1,ANOMALOUS,HIGH,88.97,98.01,1.99,0.1857,0.525,0.3393,88.97,2,4,6
deutsch_n2.qasm,Gate Substitution,0.005,1,1,1,ANOMALOUS,HIGH,87.65,99.56,0.44,0.1857,0.485,0.2993,87.65,2,5,7
deutsch_n2.qasm,Multiple Gate Insertion,0.005,1,1,1,ANOMALOUS,HIGH,99.08,98.68,1.32,0.1857,0.98,0.7943,99.08,2,6,9
deutsch_n2.qasm,Normal,0.01,0,0,1,NORMAL,LOW,6.04,8.63,91.37,0.2346,0.07,0.0,6.04,2,5,7
deutsch_n2.qasm,Gate Insertion,0.01,1,1,1,ANOMALOUS,HIGH,99.08,98.68,1.32,0.2346,0.98,0.7454,99.08,2,6,8
deutsch_n2.qasm,Gate Deletion,0.01,1,1,1,ANOMALOUS,HIGH,86.34,98.01,1.99,0.2346,0.53,0.2954,86.34,2,4,6
deutsch_n2.qasm,Gate Substitution,0.01,1,1,1,ANOMALOUS,HIGH,99.76,99.65,0.35,0.2346,0.96,0.7254,99.76,2,5,7
deutsch_n2.qasm,Multiple Gate Insertion,0.01,1,1,1,ANOMALOUS,HIGH,99.7,99.56,0.44,0.2346,0.985,0.7504,99.7,2,6,9
deutsch_n2.qasm,Normal,0.02,0,0,1,NORMAL,LOW,7.22,10.32,89.68,0.2982,0.035,0.0,7.22,2,5,7
deutsch_n2.qasm,Gate Insertion,0.02,1,1,1,ANOMALOUS,MEDIUM,68.54,97.91,2.09,0.2982,0.05,0.0,68.54,2,5,8
deutsch_n2.qasm,Gate Deletion,0.02,1,1,1,ANOMALOUS,HIGH,98.26,97.52,2.48,0.2982,0.945,0.6468,98.26,2,4,6
deutsch_n2.qasm,Gate Substitution,0.02,1,1,1,ANOMALOUS,HIGH,80.95,97.05,2.95,0.2982,0.515,0.2168,80.95,2,5,7
deutsch_n2.qasm,Multiple Gate Insertion,0.02,1,1,1,ANOMALOUS,HIGH,99.88,99.83,0.17,0.2982,0.925,0.6268,99.88,2,6,9
deutsch_n2.qasm,Normal,0.03,0,0,1,NORMAL,LOW,7.67,10.95,89.05,0.3458,0.09,0.0,7.67,2,5,7
deutsch_n2.qasm,Gate Insertion,0.03,1,1,1,ANOMALOUS,HIGH,99.62,99.46,0.54,0.3458,0.905,0.5592,99.62,2,6,8
deutsch_n2.qasm,Gate Deletion,0.03,1,1,1,ANOMALOUS,HIGH,70.9,92.78,7.22,0.3458,0.445,0.0992,70.9,2,5,6
deutsch_n2.qasm,Gate Substitution,0.03,1,1,1,ANOMALOUS,HIGH,75.74,98.41,1.59,0.3458,0.46,0.1142,75.74,2,5,7
deutsch_n2.qasm,Multiple Gate Insertion,0.03,1,1,1,ANOMALOUS,HIGH,99.79,99.69,0.31,0.3458,0.9,0.5542,99.79,2,6,9
deutsch_n2.qasm,Normal,0.04,0,0,1,NORMAL,LOW,7.82,11.18,88.82,0.3788,0.085,0.0,7.82,2,5,7
deutsch_n2.qasm,Gate Insertion,0.04,1,1,1,ANOMALOUS,MEDIUM,60.78,86.83,13.17,0.3788,0.11,0.0,60.78,2,5,8
deutsch_n2.qasm,Gate Deletion,0.04,1,1,1,ANOMALOUS,HIGH,77.91,94.91,5.09,0.3788,0.57,0.1912,77.91,2,5,6
deutsch_n2.qasm,Gate Substitution,0.04,1,1,1,ANOMALOUS,HIGH,99.69,99.55,0.45,0.3788,0.91,0.5312,99.69,2,5,7
deutsch_n2.qasm,Multiple Gate Insertion,0.04,1,1,1,ANOMALOUS,HIGH,96.68,99.44,0.56,0.3788,0.83,0.4512,96.68,2,6,9
deutsch_n2.qasm,Normal,0.05,0,0,1,NORMAL,LOW,7.82,11.18,88.82,0.4186,0.1,0.0,7.82,2,5,7
deutsch_n2.qasm,Gate Insertion,0.05,1,1,1,ANOMALOUS,MEDIUM,62.82,89.74,10.26,0.4186,0.395,0.0,62.82,2,5,8
deutsch_n2.qasm,Gate Deletion,0.05,1,1,1,ANOMALOUS,HIGH,72.51,94.47,5.53,0.4186,0.525,0.1064,72.51,2,4,6
deutsch_n2.qasm,Gate Substitution,0.05,1,1,1,ANOMALOUS,HIGH,72.21,94.47,5.53,0.4186,0.52,0.1014,72.21,2,5,7
deutsch_n2.qasm,Multiple Gate Insertion,0.05,1,1,1,ANOMALOUS,HIGH,92.71,98.04,1.96,0.4186,0.82,0.4014,92.71,2,6,9
dnn_n2.qasm,Normal,0.005,0,0,1,NORMAL,LOW,18.54,23.55,76.45,0.1857,0.22,0.0343,18.54,2,155,228
dnn_n2.qasm,Gate Insertion,0.005,1,1,1,ANOMALOUS,HIGH,71.41,98.64,1.36,0.1857,0.225,0.0393,71.41,2,156,229
dnn_n2.qasm,Gate Deletion,0.005,1,1,1,ANOMALOUS,MEDIUM,67.93,77.38,22.62,0.1857,0.415,0.2293,67.93,2,155,227
dnn_n2.qasm,Gate Substitution,0.005,1,1,1,ANOMALOUS,HIGH,77.75,97.41,2.59,0.1857,0.345,0.1593,77.75,2,155,228
dnn_n2.qasm,Multiple Gate Insertion,0.005,1,1,1,ANOMALOUS,HIGH,75.36,87.14,12.86,0.1857,0.425,0.2393,75.36,2,156,230
dnn_n2.qasm,Normal,0.01,0,0,1,NORMAL,LOW,14.06,20.09,79.91,0.2346,0.215,0.0,14.06,2,155,228
dnn_n2.qasm,Gate Insertion,0.01,1,1,1,ANOMALOUS,HIGH,74.13,98.15,1.85,0.2346,0.325,0.0904,74.13,2,156,229
dnn_n2.qasm,Gate Deletion,0.01,1,1,1,ANOMALOUS,MEDIUM,58.26,75.05,24.95,0.2346,0.33,0.0954,58.26,2,154,227
dnn_n2.qasm,Gate Substitution,0.01,1,0,0,NORMAL,MEDIUM,38.83,49.86,50.14,0.2346,0.3,0.0654,38.83,2,155,228
dnn_n2.qasm,Multiple Gate Insertion,0.01,1,1,1,ANOMALOUS,HIGH,76.9,97.39,2.61,0.2346,0.38,0.1454,76.9,2,157,230
dnn_n2.qasm,Normal,0.02,0,1,0,ANOMALOUS,MEDIUM,39.89,51.69,48.31,0.2982,0.36,0.0618,39.89,2,155,228
dnn_n2.qasm,Gate Insertion,0.02,1,1,1,ANOMALOUS,MEDIUM,59.0,76.85,23.15,0.2982,0.385,0.0868,59.0,2,156,229
dnn_n2.qasm,Gate Deletion,0.02,1,0,0,NORMAL,LOW,16.38,23.4,76.6,0.2982,0.295,0.0,16.38,2,155,227
dnn_n2.qasm,Gate Substitution,0.02,1,1,1,ANOMALOUS,MEDIUM,65.94,91.47,8.53,0.2982,0.33,0.0318,65.94,2,155,228
dnn_n2.qasm,Multiple Gate Insertion,0.02,1,1,1,ANOMALOUS,HIGH,79.04,98.18,1.82,0.2982,0.47,0.1718,79.04,2,157,230
dnn_n2.qasm,Normal,0.03,0,0,1,NORMAL,LOW,20.78,29.69,70.31,0.3458,0.31,0.0,20.78,2,155,228
dnn_n2.qasm,Gate Insertion,0.03,1,1,1,ANOMALOUS,MEDIUM,65.28,93.26,6.74,0.3458,0.305,0.0,65.28,2,156,229
dnn_n2.qasm,Gate Deletion,0.03,1,0,0,NORMAL,MEDIUM,36.48,47.47,52.53,0.3458,0.4,0.0542,36.48,2,154,227
dnn_n2.qasm,Gate Substitution,0.03,1,1,1,ANOMALOUS,MEDIUM,66.96,94.01,5.99,0.3458,0.365,0.0192,66.96,2,155,228
dnn_n2.qasm,Multiple Gate Insertion,0.03,1,1,1,ANOMALOUS,MEDIUM,68.22,97.45,2.55,0.3458,0.32,0.0,68.22,2,156,230
dnn_n2.qasm,Normal,0.04,0,0,1,NORMAL,LOW,11.11,15.87,84.13,0.3788,0.285,0.0,11.11,2,155,228
dnn_n2.qasm,Gate Insertion,0.04,1,1,1,ANOMALOUS,MEDIUM,42.85,61.22,38.78,0.3788,0.35,0.0,42.85,2,156,229
dnn_n2.qasm,Gate Deletion,0.04,1,1,1,ANOMALOUS,MEDIUM,41.78,59.69,40.31,0.3788,0.335,0.0,41.78,2,155,227
dnn_n2.qasm,Gate Substitution,0.04,1,1,1,ANOMALOUS,MEDIUM,68.28,97.44,2.56,0.3788,0.38,0.0012,68.28,2,155,228
dnn_n2.qasm,Multiple Gate Insertion,0.04,1,1,1,ANOMALOUS,MEDIUM,67.63,96.61,3.39,0.3788,0.29,0.0,67.63,2,156,230
dnn_n2.qasm,Normal,0.05,0,0,1,NORMAL,LOW,24.62,35.18,64.82,0.4186,0.345,0.0,24.62,2,155,228
dnn_n2.qasm,Gate Insertion,0.05,1,1,1,ANOMALOUS,MEDIUM,64.54,92.2,7.8,0.4186,0.39,0.0,64.54,2,156,229
dnn_n2.qasm,Gate Deletion,0.05,1,0,0,NORMAL,LOW,20.71,29.59,70.41,0.4186,0.265,0.0,20.71,2,155,227
dnn_n2.qasm,Gate Substitution,0.05,1,1,1,ANOMALOUS,MEDIUM,45.57,65.09,34.91,0.4186,0.35,0.0,45.57,2,155,228
dnn_n2.qasm,Multiple Gate Insertion,0.05,1,1,1,ANOMALOUS,MEDIUM,69.47,99.24,0.76,0.4186,0.415,0.0,69.47,2,157,230
dnn_n8.qasm,Normal,0.005,0,0,1,NORMAL,MEDIUM,43.82,23.66,76.34,0.1857,0.64,0.4543,43.82,8,173,1016
dnn_n8.qasm,Gate Insertion,0.005,1,1,1,ANOMALOUS,HIGH,98.74,98.2,1.8,0.1857,0.785,0.5993,98.74,8,174,1017
dnn_n8.qasm,Gate Deletion,0.005,1,0,0,NORMAL,MEDIUM,46.4,23.43,76.57,0.1857,0.69,0.5043,46.4,8,173,1015
dnn_n8.qasm,Gate Substitution,0.005,1,1,1,ANOMALOUS,HIGH,79.85,72.13,27.87,0.1857,0.675,0.4893,79.85,8,173,1016
dnn_n8.qasm,Multiple Gate Insertion,0.005,1,1,1,ANOMALOUS,HIGH,94.9,92.71,7.29,0.1857,0.735,0.5493,94.9,8,174,1018
dnn_n8.qasm,Normal,0.01,0,0,1,NORMAL,MEDIUM,44.63,23.43,76.57,0.2346,0.705,0.4704,44.63,8,173,1016
dnn_n8.qasm,Gate Insertion,0.01,1,1,1,ANOMALOUS,HIGH,98.48,97.82,2.18,0.2346,0.75,0.5154,98.48,8,174,1017
dnn_n8.qasm,Gate Deletion,0.01,1,0,0,NORMAL,MEDIUM,51.54,30.78,69.22,0.2346,0.81,0.5754,51.54,8,173,1015
dnn_n8.qasm,Gate Substitution,0.01,1,1,1,ANOMALOUS,HIGH,98.29,97.55,2.45,0.2346,0.755,0.5204,98.29,8,173,1016
dnn_n8.qasm,Multiple Gate Insertion,0.01,1,1,1,ANOMALOUS,HIGH,99.44,99.2,0.8,0.2346,0.8,0.5654,99.44,8,174,1018
dnn_n8.qasm,Normal,0.02,0,0,1,NORMAL,MEDIUM,51.57,32.8,67.2,0.2982,0.775,0.4768,51.57,8,173,1016
dnn_n8.qasm,Gate Insertion,0.02,1,1,1,ANOMALOUS,HIGH,91.61,91.72,8.28,0.2982,0.755,0.4568,91.61,8,174,1017
dnn_n8.qasm,Gate Deletion,0.02,1,1,1,ANOMALOUS,HIGH,89.32,87.15,12.85,0.2982,0.77,0.4718,89.32,8,173,1015
dnn_n8.qasm,Gate Substitution,0.02,1,1,1,ANOMALOUS,MEDIUM,65.53,50.76,49.24,0.2982,0.81,0.5118,65.53,8,173,1016
dnn_n8.qasm,Multiple Gate Insertion,0.02,1,1,1,ANOMALOUS,HIGH,97.87,97.66,2.34,0.2982,0.79,0.4918,97.87,8,175,1018
dnn_n8.qasm,Normal,0.03,0,0,1,NORMAL,MEDIUM,44.98,29.19,70.81,0.3458,0.755,0.4092,44.98,8,173,1016
dnn_n8.qasm,Gate Insertion,0.03,1,1,1,ANOMALOUS,HIGH,85.42,86.53,13.47,0.3458,0.76,0.4142,85.42,8,174,1017
dnn_n8.qasm,Gate Deletion,0.03,1,0,0,NORMAL,MEDIUM,48.71,33.23,66.77,0.3458,0.77,0.4242,48.71,8,173,1015
dnn_n8.qasm,Gate Substitution,0.03,1,1,1,ANOMALOUS,HIGH,92.54,92.84,7.16,0.3458,0.805,0.4592,92.54,8,173,1016
dnn_n8.qasm,Multiple Gate Insertion,0.03,1,1,1,ANOMALOUS,HIGH,95.65,98.57,1.43,0.3458,0.79,0.4442,95.65,8,174,1018
dnn_n8.qasm,Normal,0.04,0,0,1,NORMAL,MEDIUM,48.39,35.17,64.83,0.3788,0.775,0.3962,48.39,8,173,1016
dnn_n8.qasm,Gate Insertion,0.04,1,1,1,ANOMALOUS,HIGH,82.7,85.9,14.1,0.3788,0.755,0.3762,82.7,8,174,1017
dnn_n8.qasm,Gate Deletion,0.04,1,0,0,NORMAL,MEDIUM,48.99,35.17,64.83,0.3788,0.785,0.4062,48.99,8,173,1015
dnn_n8.qasm,Gate Substitution,0.04,1,0,0,NORMAL,MEDIUM,56.27,49.86,50.14,0.3788,0.735,0.3562,56.27,8,173,1016
dnn_n8.qasm,Multiple Gate Insertion,0.04,1,1,1,ANOMALOUS,HIGH,87.27,90.72,9.28,0.3788,0.775,0.3962,87.27,8,174,1018
dnn_n8.qasm,Normal,0.05,0,0,1,NORMAL,MEDIUM,38.3,28.01,71.99,0.4186,0.73,0.3114,38.3,8,173,1016
dnn_n8.qasm,Gate Insertion,0.05,1,1,1,ANOMALOUS,HIGH,84.99,90.43,9.57,0.4186,0.78,0.3614,84.99,8,174,1017
dnn_n8.qasm,Gate Deletion,0.05,1,0,0,NORMAL,MEDIUM,42.57,31.11,68.89,0.4186,0.765,0.3464,42.57,8,173,1015
dnn_n8.qasm,Gate Substitution,0.05,1,0,0,NORMAL,MEDIUM,52.53,44.49,55.51,0.4186,0.775,0.3564,52.53,8,173,1016
dnn_n8.qasm,Multiple Gate Insertion,0.05,1,1,1,ANOMALOUS,HIGH,88.45,97.1,2.9,0.4186,0.76,0.3414,88.45,8,174,1018
error_correctiond3_n5.qasm,Normal,0.005,0,0,1,NORMAL,MEDIUM,39.58,42.03,57.97,0.1857,0.355,0.1693,39.58,5,78,119
error_correctiond3_n5.qasm,Gate Insertion,0.005,1,1,1,ANOMALOUS,HIGH,97.13,95.9,4.1,0.1857,0.77,0.5843,97.13,5,79,120
error_correctiond3_n5.qasm,Gate Deletion,0.005,1,1,1,ANOMALOUS,MEDIUM,48.46,56.43,43.57,0.1857,0.335,0.1493,48.46,5,77,118
error_correctiond3_n5.qasm,Gate Substitution,0.005,1,1,1,ANOMALOUS,HIGH,86.5,95.77,4.23,0.1857,0.51,0.3243,86.5,5,78,119
error_correctiond3_n5.qasm,Multiple Gate Insertion,0.005,1,1,1,ANOMALOUS,HIGH,86.21,92.79,7.21,0.1857,0.54,0.3543,86.21,5,79,121
error_correctiond3_n5.qasm,Normal,0.01,0,0,1,NORMAL,MEDIUM,36.35,42.03,57.97,0.2346,0.35,0.1154,36.35,5,78,119
error_correctiond3_n5.qasm,Gate Insertion,0.01,1,1,1,ANOMALOUS,HIGH,74.77,97.35,2.65,0.2346,0.345,0.1104,74.77,5,78,120
error_correctiond3_n5.qasm,Gate Deletion,0.01,1,1,1,ANOMALOUS,MEDIUM,61.83,59.58,40.42,0.2346,0.57,0.3354,61.83,5,78,118
error_correctiond3_n5.qasm,Gate Substitution,0.01,1,1,1,ANOMALOUS,HIGH,88.83,92.57,7.43,0.2346,0.635,0.4004,88.83,5,78,119
error_correctiond3_n5.qasm,Multiple Gate Insertion,0.01,1,1,1,ANOMALOUS,HIGH,74.82,90.98,9.02,0.2346,0.42,0.1854,74.82,5,78,121
error_correctiond3_n5.qasm,Normal,0.02,0,1,0,ANOMALOUS,MEDIUM,45.9,50.41,49.59,0.2982,0.475,0.1768,45.9,5,78,119
error_correctiond3_n5.qasm,Gate Insertion,0.02,1,1,1,ANOMALOUS,MEDIUM,51.39,55.25,44.75,0.2982,0.51,0.2118,51.39,5,78,120
error_correctiond3_n5.qasm,Gate Deletion,0.02,1,1,1,ANOMALOUS,MEDIUM,54.39,55.25,44.75,0.2982,0.56,0.2618,54.39,5,77,118
error_correctiond3_n5.qasm,Gate Substitution,0.02,1,1,1,ANOMALOUS,MEDIUM,48.84,55.04,44.96,0.2982,0.47,0.1718,48.84,5,78,119
error_correctiond3_n5.qasm,Multiple Gate Insertion,0.02,1,1,1,ANOMALOUS,HIGH,78.93,95.89,4.11,0.2982,0.495,0.1968,78.93,5,79,121
error_correctiond3_n5.qasm,Normal,0.03,0,1,0,ANOMALOUS,MEDIUM,48.16,53.88,46.12,0.3458,0.52,0.1742,48.16,5,78,119
error_correctiond3_n5.qasm,Gate Insertion,0.03,1,1,1,ANOMALOUS,MEDIUM,49.06,53.88,46.12,0.3458,0.535,0.1892,49.06,5,78,120
error_correctiond3_n5.qasm,Gate Deletion,0.03,1,1,1,ANOMALOUS,MEDIUM,48.16,53.88,46.12,0.3458,0.52,0.1742,48.16,5,78,118
error_correctiond3_n5.qasm,Gate Substitution,0.03,1,1,1,ANOMALOUS,HIGH,75.16,91.58,8.42,0.3458,0.53,0.1842,75.16,5,78,119
error_correctiond3_n5.qasm,Multiple Gate Insertion,0.03,1,1,1,ANOMALOUS,MEDIUM,55.95,63.29,36.71,0.3458,0.54,0.1942,55.95,5,80,121
error_correctiond3_n5.qasm,Normal,0.04,0,1,0,ANOMALOUS,MEDIUM,44.08,52.16,47.84,0.3788,0.505,0.1262,44.08,5,78,119
error_correctiond3_n5.qasm,Gate Insertion,0.04,1,1,1,ANOMALOUS,MEDIUM,43.78,52.16,47.84,0.3788,0.5,0.1212,43.78,5,78,120
error_correctiond3_n5.qasm,Gate Deletion,0.04,1,0,0,NORMAL,MEDIUM,35.18,45.02,54.98,0.3788,0.44,0.0612,35.18,5,78,118
error_correctiond3_n5.qasm,Gate Substitution,0.04,1,1,1,ANOMALOUS,HIGH,76.09,91.04,8.96,0.3788,0.585,0.2062,76.09,5,78,119
error_correctiond3_n5.qasm,Multiple Gate Insertion,0.04,1,1,1,ANOMALOUS,HIGH,77.41,90.77,9.23,0.3788,0.61,0.2312,77.41,5,78,121
error_correctiond3_n5.qasm,Normal,0.05,0,1,0,ANOMALOUS,MEDIUM,42.6,52.16,47.84,0.4186,0.52,0.1014,42.6,5,78,119
error_correctiond3_n5.qasm,Gate Insertion,0.05,1,1,1,ANOMALOUS,MEDIUM,69.21,91.04,8.96,0.4186,0.51,0.0914,69.21,5,79,120
error_correctiond3_n5.qasm,Gate Deletion,0.05,1,0,0,NORMAL,MEDIUM,37.1,47.3,52.7,0.4186,0.485,0.0664,37.1,5,77,118
error_correctiond3_n5.qasm,Gate Substitution,0.05,1,1,1,ANOMALOUS,MEDIUM,39.75,51.95,48.05,0.4186,0.475,0.0564,39.75,5,78,119
error_correctiond3_n5.qasm,Multiple Gate Insertion,0.05,1,0,0,NORMAL,MEDIUM,35.77,47.97,52.03,0.4186,0.455,0.0364,35.77,5,79,121
fredkin_n3.qasm,Normal,0.005,0,0,1,NORMAL,LOW,5.98,8.55,91.45,0.1857,0.09,0.0,5.98,3,12,22
fredkin_n3.qasm,Gate Insertion,0.005,1,1,1,ANOMALOUS,HIGH,86.29,94.18,5.82,0.1857,0.525,0.3393,86.29,3,12,23
fredkin_n3.qasm,Gate Deletion,0.005,1,1,1,ANOMALOUS,HIGH,84.86,94.72,5.28,0.1857,0.495,0.3093,84.86,3,12,21
fredkin_n3.qasm,Gate Substitution,0.005,1,1,1,ANOMALOUS,HIGH,99.73,99.61,0.39,0.1857,0.99,0.8043,99.73,3,12,22
fredkin_n3.qasm,Multiple Gate Insertion,0.005,1,1,1,ANOMALOUS,HIGH,86.77,94.45,5.55,0.1857,0.53,0.3443,86.77,3,12,24
fredkin_n3.qasm,Normal,0.01,0,0,1,NORMAL,LOW,7.63,10.91,89.09,0.2346,0.12,0.0,7.63,3,12,22
fredkin_n3.qasm,Gate Insertion,0.01,1,1,1,ANOMALOUS,HIGH,85.75,94.18,5.82,0.2346,0.565,0.3304,85.75,3,12,23
fredkin_n3.qasm,Gate Deletion,0.01,1,1,1,ANOMALOUS,HIGH,98.89,98.41,1.59,0.2346,0.985,0.7504,98.89,3,11,21
fredkin_n3.qasm,Gate Substitution,0.01,1,1,1,ANOMALOUS,HIGH,83.65,94.18,5.82,0.2346,0.53,0.2954,83.65,3,12,22
fredkin_n3.qasm,Multiple Gate Insertion,0.01,1,1,1,ANOMALOUS,HIGH,89.37,98.91,1.09,0.2346,0.57,0.3354,89.37,3,13,24
fredkin_n3.qasm,Normal,0.02,0,0,1,NORMAL,LOW,10.87,15.52,84.48,0.2982,0.21,0.0,10.87,3,12,22
fredkin_n3.qasm,Gate Insertion,0.02,1,1,1,ANOMALOUS,MEDIUM,68.62,98.02,1.98,0.2982,0.245,0.0,68.62,3,13,23
fredkin_n3.qasm,Gate Deletion,0.02,1,1,1,ANOMALOUS,HIGH,91.54,95.47,4.53,0.2982,0.71,0.4118,91.54,3,11,21
fredkin_n3.qasm,Gate Substitution,0.02,1,1,1,ANOMALOUS,HIGH,99.69,99.56,0.44,0.2982,0.835,0.5368,99.69,3,12,22
fredkin_n3.qasm,Multiple Gate Insertion,0.02,1,1,1,ANOMALOUS,HIGH,98.36,97.66,2.34,0.2982,0.92,0.6218,98.36,3,13,24
fredkin_n3.qasm,Normal,0.03,0,0,1,NORMAL,MEDIUM,31.5,45.0,55.0,0.3458,0.33,0.0,31.5,3,12,22
fredkin_n3.qasm,Gate Insertion,0.03,1,1,1,ANOMALOUS,HIGH,98.26,97.51,2.49,0.3458,0.95,0.6042,98.26,3,13,23
fredkin_n3.qasm,Gate Deletion,0.03,1,1,1,ANOMALOUS,MEDIUM,56.36,73.73,26.27,0.3458,0.425,0.0792,56.36,3,12,21
fredkin_n3.qasm,Gate Substitution,0.03,1,1,1,ANOMALOUS,HIGH,79.63,88.55,11.45,0.3458,0.64,0.2942,79.63,3,12,22
fredkin_n3.qasm,Multiple Gate Insertion,0.03,1,1,1,ANOMALOUS,MEDIUM,63.8,89.92,10.08,0.3458,0.36,0.0142,63.8,3,12,24
fredkin_n3.qasm,Normal,0.04,0,1,0,ANOMALOUS,MEDIUM,42.35,59.54,40.46,0.3788,0.39,0.0112,42.35,3,12,22
fredkin_n3.qasm,Gate Insertion,0.04,1,1,1,ANOMALOUS,HIGH,98.02,97.5,2.5,0.3788,0.875,0.4962,98.02,3,13,23
fredkin_n3.qasm,Gate Deletion,0.04,1,1,1,ANOMALOUS,HIGH,84.26,93.28,6.72,0.3788,0.695,0.3162,84.26,3,12,21
fredkin_n3.qasm,Gate Substitution,0.04,1,1,1,ANOMALOUS,HIGH,99.42,99.17,0.83,0.3788,0.95,0.5712,99.42,3,12,22
fredkin_n3.qasm,Multiple Gate Insertion,0.04,1,1,1,ANOMALOUS,HIGH,81.78,91.86,8.14,0.3788,0.67,0.2912,81.78,3,14,24
fredkin_n3.qasm,Normal,0.05,0,1,0,ANOMALOUS,MEDIUM,66.0,84.31,15.69,0.4186,0.535,0.1164,66.0,3,12,22
fredkin_n3.qasm,Gate Insertion,0.05,1,1,1,ANOMALOUS,HIGH,95.91,99.18,0.82,0.4186,0.86,0.4414,95.91,3,13,23
fredkin_n3.qasm,Gate Deletion,0.05,1,1,1,ANOMALOUS,HIGH,91.16,97.53,2.47,0.4186,0.8,0.3814,91.16,3,11,21
fredkin_n3.qasm,Gate Substitution,0.05,1,1,1,ANOMALOUS,HIGH,92.31,99.17,0.83,0.4186,0.8,0.3814,92.31,3,12,22
fredkin_n3.qasm,Multiple Gate Insertion,0.05,1,1,1,ANOMALOUS,HIGH,99.69,99.55,0.45,0.4186,0.935,0.5164,99.69,3,12,24
grover_n2.qasm,Normal,0.005,0,0,1,NORMAL,LOW,4.31,6.16,93.84,0.1857,0.075,0.0,4.31,2,12,18
grover_n2.qasm,Gate Insertion,0.005,1,1,1,ANOMALOUS,HIGH,99.03,98.62,1.38,0.1857,0.975,0.7893,99.03,2,13,19
grover_n2.qasm,Gate Deletion,0.005,1,0,0,NORMAL,LOW,5.39,7.71,92.29,0.1857,0.05,0.0,5.39,2,12,17
grover_n2.qasm,Gate Substitution,0.005,1,1,1,ANOMALOUS,HIGH,86.62,96.37,3.63,0.1857,0.505,0.3193,86.62,2,12,18
grover_n2.qasm,Multiple Gate Insertion,0.005,1,1,1,ANOMALOUS,MEDIUM,68.35,97.65,2.35,0.1857,0.06,0.0,68.35,2,13,20
grover_n2.qasm,Normal,0.01,0,0,1,NORMAL,LOW,4.31,6.16,93.84,0.2346,0.065,0.0,4.31,2,12,18
grover_n2.qasm,Gate Insertion,0.01,1,1,1,ANOMALOUS,MEDIUM,67.07,95.82,4.18,0.2346,0.105,0.0,67.07,2,12,19
grover_n2.qasm,Gate Deletion,0.01,1,1,1,ANOMALOUS,HIGH,82.0,95.25,4.75,0.2346,0.49,0.2554,82.0,2,11,17
grover_n2.qasm,Gate Substitution,0.01,1,1,1,ANOMALOUS,HIGH,87.81,99.26,0.74,0.2346,0.54,0.3054,87.81,2,12,18
grover_n2.qasm,Multiple Gate Insertion,0.01,1,1,1,ANOMALOUS,HIGH,86.7,98.11,1.89,0.2346,0.535,0.3004,86.7,2,14,20
grover_n2.qasm,Normal,0.02,0,0,1,NORMAL,LOW,11.72,16.75,83.25,0.2982,0.245,0.0,11.72,2,12,18
grover_n2.qasm,Gate Insertion,0.02,1,1,1,ANOMALOUS,HIGH,98.68,98.11,1.89,0.2982,0.92,0.6218,98.68,2,13,19
grover_n2.qasm,Gate Deletion,0.02,1,1,1,ANOMALOUS,HIGH,81.11,95.57,4.43,0.2982,0.535,0.2368,81.11,2,11,17
grover_n2.qasm,Gate Substitution,0.02,1,1,1,ANOMALOUS,HIGH,87.15,98.19,1.81,0.2982,0.605,0.3068,87.15,2,12,18
grover_n2.qasm,Multiple Gate Insertion,0.02,1,1,1,ANOMALOUS,HIGH,99.87,99.82,0.18,0.2982,0.89,0.5918,99.87,2,14,20
grover_n2.qasm,Normal,0.03,0,0,1,NORMAL,LOW,9.35,13.36,86.64,0.3458,0.265,0.0,9.35,2,12,18
grover_n2.qasm,Gate Insertion,0.03,1,1,1,ANOMALOUS,HIGH,99.58,99.4,0.6,0.3458,0.875,0.5292,99.58,2,13,19
grover_n2.qasm,Gate Deletion,0.03,1,1,1,ANOMALOUS,HIGH,81.9,94.36,5.64,0.3458,0.61,0.2642,81.9,2,11,17
grover_n2.qasm,Gate Substitution,0.03,1,1,1,ANOMALOUS,HIGH,99.55,99.35,0.65,0.3458,0.915,0.5692,99.55,2,12,18
grover_n2.qasm,Multiple Gate Insertion,0.03,1,1,1,ANOMALOUS,HIGH,99.87,99.82,0.18,0.3458,0.91,0.5642,99.87,2,13,20
grover_n2.qasm,Normal,0.04,0,0,1,NORMAL,LOW,20.16,28.8,71.2,0.3788,0.305,0.0,20.16,2,12,18
grover_n2.qasm,Gate Insertion,0.04,1,1,1,ANOMALOUS,MEDIUM,68.95,98.5,1.5,0.3788,0.345,0.0,68.95,2,13,19
grover_n2.qasm,Gate Deletion,0.04,1,1,1,ANOMALOUS,HIGH,97.29,96.13,3.87,0.3788,0.885,0.5062,97.29,2,12,17
grover_n2.qasm,Gate Substitution,0.04,1,1,1,ANOMALOUS,HIGH,81.73,96.94,3.06,0.3788,0.61,0.2312,81.73,2,12,18
grover_n2.qasm,Multiple Gate Insertion,0.04,1,1,1,ANOMALOUS,HIGH,78.78,94.87,5.13,0.3788,0.585,0.2062,78.78,2,14,20
grover_n2.qasm,Normal,0.05,0,1,0,ANOMALOUS,MEDIUM,50.59,72.27,27.73,0.4186,0.385,0.0,50.59,2,12,18
grover_n2.qasm,Gate Insertion,0.05,1,1,1,ANOMALOUS,MEDIUM,67.32,96.17,3.83,0.4186,0.4,0.0,67.32,2,12,19
grover_n2.qasm,Gate Deletion,0.05,1,1,1,ANOMALOUS,HIGH,75.59,92.0,8.0,0.4186,0.605,0.1864,75.59,2,11,17
grover_n2.qasm,Gate Substitution,0.05,1,1,1,ANOMALOUS,HIGH,94.34,98.64,1.36,0.4186,0.84,0.4214,94.34,2,12,18
grover_n2.qasm,Multiple Gate Insertion,0.05,1,1,1,ANOMALOUS,HIGH,71.85,98.66,1.34,0.4186,0.465,0.0464,71.85,2,14,20
hhl_n7.qasm,Normal,0.005,0,0,1,NORMAL,MEDIUM,54.81,35.44,64.56,0.1857,0.915,0.7293,54.81,7,551,696
hhl_n7.qasm,Gate Insertion,0.005,1,1,1,ANOMALOUS,HIGH,92.34,89.06,10.94,0.1857,0.955,0.7693,92.34,7,552,697
hhl_n7.qasm,Gate Deletion,0.005,1,1,1,ANOMALOUS,HIGH,77.61,68.01,31.99,0.1857,0.86,0.6743,77.61,7,550,695
hhl_n7.qasm,Gate Substitution,0.005,1,1,1,ANOMALOUS,HIGH,96.43,94.9,5.1,0.1857,0.88,0.6943,96.43,7,551,696
hhl_n7.qasm,Multiple Gate Insertion,0.005,1,1,1,ANOMALOUS,HIGH,97.0,95.72,4.28,0.1857,0.925,0.7393,97.0,7,552,698
hhl_n7.qasm,Normal,0.01,0,0,1,NORMAL,MEDIUM,54.81,35.44,64.56,0.2346,0.935,0.7004,54.81,7,551,696
hhl_n7.qasm,Gate Insertion,0.01,1,1,1,ANOMALOUS,HIGH,75.84,65.49,34.51,0.2346,0.95,0.7154,75.84,7,552,697
hhl_n7.qasm,Gate Deletion,0.01,1,1,1,ANOMALOUS,HIGH,77.61,68.01,31.99,0.2346,0.925,0.6904,77.61,7,550,695
hhl_n7.qasm,Gate Substitution,0.01,1,1,1,ANOMALOUS,HIGH,79.13,70.19,29.81,0.2346,0.96,0.7254,79.13,7,551,696
hhl_n7.qasm,Multiple Gate Insertion,0.01,1,1,1,ANOMALOUS,HIGH,98.08,97.25,2.75,0.2346,0.98,0.7454,98.08,7,552,698
hhl_n7.qasm,Normal,0.02,0,0,1,NORMAL,MEDIUM,56.09,37.28,62.72,0.2982,0.945,0.6468,56.09,7,551,696
hhl_n7.qasm,Gate Insertion,0.02,1,1,1,ANOMALOUS,HIGH,97.39,96.27,3.73,0.2982,0.97,0.6718,97.39,7,552,697
hhl_n7.qasm,Gate Deletion,0.02,1,0,0,NORMAL,MEDIUM,56.09,37.28,62.72,0.2982,0.97,0.6718,56.09,7,551,695
hhl_n7.qasm,Gate Substitution,0.02,1,1,1,ANOMALOUS,HIGH,90.03,85.76,14.24,0.2982,0.945,0.6468,90.03,7,551,696
hhl_n7.qasm,Multiple Gate Insertion,0.02,1,1,1,ANOMALOUS,HIGH,96.79,95.42,4.58,0.2982,0.94,0.6418,96.79,7,552,698
hhl_n7.qasm,Normal,0.03,0,0,1,NORMAL,MEDIUM,56.41,37.73,62.27,0.3458,0.975,0.6292,56.41,7,551,696
hhl_n7.qasm,Gate Insertion,0.03,1,1,1,ANOMALOUS,HIGH,96.85,95.5,4.5,0.3458,0.955,0.6092,96.85,7,552,697
hhl_n7.qasm,Gate Deletion,0.03,1,1,1,ANOMALOUS,HIGH,91.5,87.85,12.15,0.3458,0.975,0.6292,91.5,7,550,695
hhl_n7.qasm,Gate Substitution,0.03,1,1,1,ANOMALOUS,HIGH,90.2,86.0,14.0,0.3458,0.97,0.6242,90.2,7,551,696
hhl_n7.qasm,Multiple Gate Insertion,0.03,1,1,1,ANOMALOUS,HIGH,99.21,98.87,1.13,0.3458,0.995,0.6492,99.21,7,552,698
hhl_n7.qasm,Normal,0.04,0,0,1,NORMAL,MEDIUM,56.39,37.71,62.29,0.3788,0.985,0.6062,56.39,7,551,696
hhl_n7.qasm,Gate Insertion,0.04,1,1,1,ANOMALOUS,HIGH,97.43,96.33,3.67,0.3788,0.97,0.5912,97.43,7,552,697
hhl_n7.qasm,Gate Deletion,0.04,1,0,0,NORMAL,MEDIUM,56.39,37.71,62.29,0.3788,0.97,0.5912,56.39,7,551,695
hhl_n7.qasm,Gate Substitution,0.04,1,1,1,ANOMALOUS,HIGH,96.94,95.63,4.37,0.3788,0.965,0.5862,96.94,7,551,696
hhl_n7.qasm,Multiple Gate Insertion,0.04,1,1,1,ANOMALOUS,HIGH,97.43,96.33,3.67,0.3788,0.97,0.5912,97.43,7,552,698
hhl_n7.qasm,Normal,0.05,0,0,1,NORMAL,MEDIUM,56.39,37.71,62.29,0.4186,0.96,0.5414,56.39,7,551,696
hhl_n7.qasm,Gate Insertion,0.05,1,1,1,ANOMALOUS,HIGH,96.85,95.5,4.5,0.4186,0.97,0.5514,96.85,7,552,697
hhl_n7.qasm,Gate Deletion,0.05,1,1,1,ANOMALOUS,HIGH,79.07,70.1,29.9,0.4186,0.975,0.5564,79.07,7,550,695
hhl_n7.qasm,Gate Substitution,0.05,1,1,1,ANOMALOUS,HIGH,96.94,95.63,4.37,0.4186,0.96,0.5414,96.94,7,551,696
hhl_n7.qasm,Multiple Gate Insertion,0.05,1,1,1,ANOMALOUS,HIGH,96.85,95.5,4.5,0.4186,0.96,0.5414,96.85,7,552,698
hs4_n4.qasm,Normal,0.005,0,0,1,NORMAL,LOW,5.07,7.25,92.75,0.1857,0.1,0.0,5.07,4,10,32
hs4_n4.qasm,Gate Insertion,0.005,1,1,1,ANOMALOUS,HIGH,98.33,97.62,2.38,0.1857,0.965,0.7793,98.33,4,10,33
hs4_n4.qasm,Gate Deletion,0.005,1,1,1,ANOMALOUS,HIGH,86.66,91.29,8.71,0.1857,0.565,0.3793,86.66,4,10,31
hs4_n4.qasm,Gate Substitution,0.005,1,1,1,ANOMALOUS,HIGH,91.25,98.7,1.3,0.1857,0.555,0.3693,91.25,4,10,32
hs4_n4.qasm,Multiple Gate Insertion,0.005,1,1,1,ANOMALOUS,HIGH,90.33,97.38,2.62,0.1857,0.555,0.3693,90.33,4,11,34
hs4_n4.qasm,Normal,0.01,0,0,1,NORMAL,LOW,9.98,14.26,85.74,0.2346,0.19,0.0,9.98,4,10,32
hs4_n4.qasm,Gate Insertion,0.01,1,1,1,ANOMALOUS,HIGH,95.13,93.04,6.96,0.2346,0.965,0.7304,95.13,4,10,33
hs4_n4.qasm,Gate Deletion,0.01,1,1,1,ANOMALOUS,HIGH,98.0,97.15,2.85,0.2346,0.985,0.7504,98.0,4,10,31
hs4_n4.qasm,Gate Substitution,0.01,1,1,1,ANOMALOUS,HIGH,99.34,99.05,0.95,0.2346,0.965,0.7304,99.34,4,10,32
hs4_n4.qasm,Multiple Gate Insertion,0.01,1,1,1,ANOMALOUS,HIGH,99.3,99.01,0.99,0.2346,0.965,0.7304,99.3,4,11,34
hs4_n4.qasm,Normal,0.02,0,0,1,NORMAL,MEDIUM,34.67,42.51,57.49,0.2982,0.38,0.0818,34.67,4,10,32
hs4_n4.qasm,Gate Insertion,0.02,1,1,1,ANOMALOUS,MEDIUM,69.11,71.15,28.85,0.2982,0.62,0.3218,69.11,4,10,33
hs4_n4.qasm,Gate Deletion,0.02,1,1,1,ANOMALOUS,HIGH,81.37,86.51,13.49,0.2982,0.645,0.3468,81.37,4,10,31
hs4_n4.qasm,Gate Substitution,0.02,1,1,1,ANOMALOUS,HIGH,87.07,95.94,4.06,0.2982,0.63,0.3318,87.07,4,10,32
hs4_n4.qasm,Multiple Gate Insertion,0.02,1,1,1,ANOMALOUS,HIGH,93.04,90.06,9.94,0.2982,0.96,0.6618,93.04,4,11,34
hs4_n4.qasm,Normal,0.03,0,1,0,ANOMALOUS,MEDIUM,42.6,50.22,49.78,0.3458,0.47,0.1242,42.6,4,10,32
hs4_n4.qasm,Gate Insertion,0.03,1,1,1,ANOMALOUS,HIGH,97.56,96.52,3.48,0.3458,0.915,0.5692,97.56,4,10,33
hs4_n4.qasm,Gate Deletion,0.03,1,1,1,ANOMALOUS,HIGH,81.87,89.61,10.39,0.3458,0.665,0.3192,81.87,4,10,31
hs4_n4.qasm,Gate Substitution,0.03,1,1,1,ANOMALOUS,HIGH,85.17,89.61,10.39,0.3458,0.72,0.3742,85.17,4,10,32
hs4_n4.qasm,Multiple Gate Insertion,0.03,1,1,1,ANOMALOUS,HIGH,91.98,89.48,10.52,0.3458,0.835,0.4892,91.98,4,11,34
hs4_n4.qasm,Normal,0.04,0,0,1,NORMAL,MEDIUM,37.47,44.0,56.0,0.3788,0.49,0.1112,37.47,4,10,32
hs4_n4.qasm,Gate Insertion,0.04,1,1,1,ANOMALOUS,MEDIUM,68.76,70.27,29.73,0.3788,0.705,0.3262,68.76,4,10,33
hs4_n4.qasm,Gate Deletion,0.04,1,1,1,ANOMALOUS,HIGH,86.42,93.79,6.21,0.3788,0.725,0.3462,86.42,4,10,31
hs4_n4.qasm,Gate Substitution,0.04,1,1,1,ANOMALOUS,HIGH,87.35,95.98,4.02,0.3788,0.715,0.3362,87.35,4,10,32
hs4_n4.qasm,Multiple Gate Insertion,0.04,1,1,1,ANOMALOUS,HIGH,99.06,98.66,1.34,0.3788,0.89,0.5112,99.06,4,11,34
hs4_n4.qasm,Normal,0.05,0,1,0,ANOMALOUS,MEDIUM,49.73,56.78,43.22,0.4186,0.585,0.1664,49.73,4,10,32
hs4_n4.qasm,Gate Insertion,0.05,1,1,1,ANOMALOUS,HIGH,96.3,96.3,3.7,0.4186,0.9,0.4814,96.3,4,10,33
hs4_n4.qasm,Gate Deletion,0.05,1,1,1,ANOMALOUS,HIGH,88.39,88.87,11.13,0.4186,0.855,0.4364,88.39,4,10,31
hs4_n4.qasm,Gate Substitution,0.05,1,1,1,ANOMALOUS,HIGH,88.02,95.62,4.38,0.4186,0.77,0.3514,88.02,4,10,32
hs4_n4.qasm,Multiple Gate Insertion,0.05,1,1,1,ANOMALOUS,HIGH,70.3,83.6,16.4,0.4186,0.615,0.1964,70.3,4,12,34
inverseqft_n4.qasm,Normal,0.005,0,0,1,NORMAL,LOW,4.05,5.79,94.21,0.1857,0.015,0.0,4.05,4,12,18
inverseqft_n4.qasm,Normal,0.01,0,0,1,NORMAL,LOW,4.05,5.79,94.21,0.2346,0.035,0.0,4.05,4,12,18
inverseqft_n4.qasm,Normal,0.02,0,0,1,NORMAL,LOW,4.5,6.42,93.58,0.2982,0.09,0.0,4.5,4,12,18
inverseqft_n4.qasm,Normal,0.03,0,0,1,NORMAL,LOW,4.58,6.55,93.45,0.3458,0.08,0.0,4.58,4,12,18
inverseqft_n4.qasm,Normal,0.04,0,0,1,NORMAL,LOW,6.33,9.05,90.95,0.3788,0.14,0.0,6.33,4,12,18
inverseqft_n4.qasm,Normal,0.05,0,0,1,NORMAL,LOW,8.72,12.46,87.54,0.4186,0.205,0.0,8.72,4,12,18
ising_n10.qasm,Normal,0.005,0,0,1,NORMAL,MEDIUM,57.56,39.37,60.63,0.1857,0.755,0.5693,57.56,10,71,490
ising_n10.qasm,Gate Insertion,0.005,1,1,1,ANOMALOUS,HIGH,93.24,90.34,9.66,0.1857,0.735,0.5493,93.24,10,71,491
ising_n10.qasm,Gate Deletion,0.005,1,0,0,NORMAL,MEDIUM,60.62,43.74,56.26,0.1857,0.845,0.6593,60.62,10,71,489
ising_n10.qasm,Gate Substitution,0.005,1,1,1,ANOMALOUS,HIGH,89.79,85.41,14.59,0.1857,0.75,0.5643,89.79,10,71,490
ising_n10.qasm,Multiple Gate Insertion,0.005,1,1,1,ANOMALOUS,HIGH,92.85,89.78,10.22,0.1857,0.855,0.6693,92.85,10,71,492
ising_n10.qasm,Normal,0.01,0,0,1,NORMAL,MEDIUM,57.6,39.42,60.58,0.2346,0.84,0.6054,57.6,10,71,490
ising_n10.qasm,Gate Insertion,0.01,1,1,1,ANOMALOUS,HIGH,89.36,84.8,15.2,0.2346,0.86,0.6254,89.36,10,71,491
ising_n10.qasm,Gate Deletion,0.01,1,1,1,ANOMALOUS,MEDIUM,69.43,56.33,43.67,0.2346,0.845,0.6104,69.43,10,71,489
ising_n10.qasm,Gate Substitution,0.01,1,1,1,ANOMALOUS,HIGH,73.76,62.51,37.49,0.2346,0.82,0.5854,73.76,10,71,490
ising_n10.qasm,Multiple Gate Insertion,0.01,1,1,1,ANOMALOUS,HIGH,93.73,91.04,8.96,0.2346,0.87,0.6354,93.73,10,71,492
ising_n10.qasm,Normal,0.02,0,0,1,NORMAL,MEDIUM,58.72,41.03,58.97,0.2982,0.855,0.5568,58.72,10,71,490
ising_n10.qasm,Gate Insertion,0.02,1,1,1,ANOMALOUS,HIGH,95.09,92.98,7.02,0.2982,0.81,0.5118,95.09,10,71,491
ising_n10.qasm,Gate Deletion,0.02,1,1,1,ANOMALOUS,HIGH,88.22,83.17,16.83,0.2982,0.83,0.5318,88.22,10,71,489
ising_n10.qasm,Gate Substitution,0.02,1,1,1,ANOMALOUS,HIGH,99.0,98.57,1.43,0.2982,0.89,0.5918,99.0,10,71,490
ising_n10.qasm,Multiple Gate Insertion,0.02,1,1,1,ANOMALOUS,HIGH,91.23,87.48,12.52,0.2982,0.88,0.5818,91.23,10,72,492
ising_n10.qasm,Normal,0.03,0,0,1,NORMAL,MEDIUM,58.61,40.88,59.12,0.3458,0.88,0.5342,58.61,10,71,490
ising_n10.qasm,Gate Insertion,0.03,1,1,1,ANOMALOUS,HIGH,91.18,87.4,12.6,0.3458,0.885,0.5392,91.18,10,71,491
ising_n10.qasm,Gate Deletion,0.03,1,1,1,ANOMALOUS,HIGH,71.47,59.24,40.76,0.3458,0.85,0.5042,71.47,10,71,489
ising_n10.qasm,Gate Substitution,0.03,1,1,1,ANOMALOUS,HIGH,96.51,95.02,4.98,0.3458,0.89,0.5442,96.51,10,71,490
ising_n10.qasm,Multiple Gate Insertion,0.03,1,1,1,ANOMALOUS,HIGH,98.6,98.92,1.08,0.3458,0.835,0.4892,98.6,10,71,492
ising_n10.qasm,Normal,0.04,0,0,1,NORMAL,MEDIUM,57.63,41.51,58.49,0.3788,0.855,0.4762,57.63,10,71,490
ising_n10.qasm,Gate Insertion,0.04,1,1,1,ANOMALOUS,HIGH,90.64,86.63,13.37,0.3788,0.885,0.5062,90.64,10,71,491
ising_n10.qasm,Gate Deletion,0.04,1,1,1,ANOMALOUS,HIGH,72.95,61.35,38.65,0.3788,0.88,0.5012,72.95,10,71,489
ising_n10.qasm,Gate Substitution,0.04,1,1,1,ANOMALOUS,HIGH,92.29,88.99,11.01,0.3788,0.905,0.5262,92.29,10,71,490
ising_n10.qasm,Multiple Gate Insertion,0.04,1,1,1,ANOMALOUS,HIGH,93.34,92.53,7.47,0.3788,0.855,0.4762,93.34,10,71,492
ising_n10.qasm,Normal,0.05,0,0,1,NORMAL,MEDIUM,56.74,41.51,58.49,0.4186,0.88,0.4614,56.74,10,71,490
ising_n10.qasm,Gate Insertion,0.05,1,1,1,ANOMALOUS,HIGH,90.86,87.67,12.33,0.4186,0.91,0.4914,90.86,10,72,491
ising_n10.qasm,Gate Deletion,0.05,1,1,1,ANOMALOUS,HIGH,88.1,85.88,14.12,0.4186,0.885,0.4664,88.1,10,71,489
ising_n10.qasm,Gate Substitution,0.05,1,1,1,ANOMALOUS,HIGH,95.49,97.3,2.7,0.4186,0.875,0.4564,95.49,10,71,490
ising_n10.qasm,Multiple Gate Insertion,0.05,1,1,1,ANOMALOUS,HIGH,99.04,98.94,1.06,0.4186,0.915,0.4964,99.04,10,73,492
iswap_n2.qasm,Normal,0.005,0,0,1,NORMAL,LOW,6.81,9.73,90.27,0.1857,0.035,0.0,6.81,2,8,11
iswap_n2.qasm,Gate Insertion,0.005,1,1,1,ANOMALOUS,HIGH,90.15,97.98,2.02,0.1857,0.545,0.3593,90.15,2,9,12
iswap_n2.qasm,Gate Deletion,0.005,1,0,0,NORMAL,LOW,6.81,9.73,90.27,0.1857,0.025,0.0,6.81,2,8,10
iswap_n2.qasm,Gate Substitution,0.005,1,1,1,ANOMALOUS,HIGH,90.4,99.63,0.37,0.1857,0.53,0.3443,90.4,2,8,11
iswap_n2.qasm,Multiple Gate Insertion,0.005,1,1,1,ANOMALOUS,HIGH,99.68,99.54,0.46,0.1857,0.985,0.7993,99.68,2,9,13
iswap_n2.qasm,Normal,0.01,0,0,1,NORMAL,LOW,6.81,9.73,90.27,0.2346,0.035,0.0,6.81,2,8,11
iswap_n2.qasm,Gate Insertion,0.01,1,1,1,ANOMALOUS,MEDIUM,68.26,97.52,2.48,0.2346,0.065,0.0,68.26,2,8,12
iswap_n2.qasm,Gate Deletion,0.01,1,0,0,NORMAL,LOW,6.81,9.73,90.27,0.2346,0.055,0.0,6.81,2,7,10
iswap_n2.qasm,Gate Substitution,0.01,1,1,1,ANOMALOUS,HIGH,88.52,99.43,0.57,0.2346,0.55,0.3154,88.52,2,8,11
iswap_n2.qasm,Multiple Gate Insertion,0.01,1,1,1,ANOMALOUS,HIGH,98.74,98.2,1.8,0.2346,0.745,0.5104,98.74,2,9,13
iswap_n2.qasm,Normal,0.02,0,0,1,NORMAL,LOW,11.1,15.86,84.14,0.2982,0.125,0.0,11.1,2,8,11
iswap_n2.qasm,Gate Insertion,0.02,1,1,1,ANOMALOUS,HIGH,98.79,98.27,1.73,0.2982,0.96,0.6618,98.79,2,9,12
iswap_n2.qasm,Gate Deletion,0.02,1,1,1,ANOMALOUS,HIGH,98.81,98.3,1.7,0.2982,0.8,0.5018,98.81,2,7,10
iswap_n2.qasm,Gate Substitution,0.02,1,1,1,ANOMALOUS,HIGH,98.79,98.27,1.73,0.2982,0.935,0.6368,98.79,2,8,11
iswap_n2.qasm,Multiple Gate Insertion,0.02,1,1,1,ANOMALOUS,HIGH,98.71,98.16,1.84,0.2982,0.93,0.6318,98.71,2,9,13
iswap_n2.qasm,Normal,0.03,0,0,1,NORMAL,LOW,11.74,16.77,83.23,0.3458,0.16,0.0,11.74,2,8,11
iswap_n2.qasm,Gate Insertion,0.03,1,1,1,ANOMALOUS,HIGH,99.61,99.45,0.55,0.3458,0.945,0.5992,99.61,2,8,12
iswap_n2.qasm,Gate Deletion,0.03,1,1,1,ANOMALOUS,HIGH,98.0,97.14,2.86,0.3458,0.955,0.6092,98.0,2,7,10
iswap_n2.qasm,Gate Substitution,0.03,1,1,1,ANOMALOUS,HIGH,99.69,99.56,0.44,0.3458,0.92,0.5742,99.69,2,8,11
iswap_n2.qasm,Multiple Gate Insertion,0.03,1,1,1,ANOMALOUS,HIGH,99.77,99.67,0.33,0.3458,0.92,0.5742,99.77,2,9,13
iswap_n2.qasm,Normal,0.04,0,0,1,NORMAL,LOW,13.99,19.99,80.01,0.3788,0.2,0.0,13.99,2,8,11
iswap_n2.qasm,Gate Insertion,0.04,1,1,1,ANOMALOUS,HIGH,79.87,95.14,4.86,0.3788,0.6,0.2212,79.87,2,9,12
iswap_n2.qasm,Gate Deletion,0.04,1,1,1,ANOMALOUS,HIGH,76.01,95.21,4.79,0.3788,0.535,0.1562,76.01,2,7,10
iswap_n2.qasm,Gate Substitution,0.04,1,1,1,ANOMALOUS,HIGH,99.6,99.43,0.57,0.3788,0.955,0.5762,99.6,2,8,11
iswap_n2.qasm,Multiple Gate Insertion,0.04,1,1,1,ANOMALOUS,MEDIUM,66.22,94.6,5.4,0.3788,0.265,0.0,66.22,2,10,13
iswap_n2.qasm,Normal,0.05,0,0,1,NORMAL,LOW,14.91,21.29,78.71,0.4186,0.245,0.0,14.91,2,8,11
iswap_n2.qasm,Gate Insertion,0.05,1,1,1,ANOMALOUS,HIGH,77.79,94.71,5.29,0.4186,0.61,0.1914,77.79,2,9,12
iswap_n2.qasm,Gate Deletion,0.05,1,1,1,ANOMALOUS,HIGH,87.92,97.19,2.81,0.4186,0.75,0.3314,87.92,2,7,10
iswap_n2.qasm,Gate Substitution,0.05,1,1,1,ANOMALOUS,HIGH,75.69,94.71,5.29,0.4186,0.575,0.1564,75.69,2,8,11
iswap_n2.qasm,Multiple Gate Insertion,0.05,1,1,1,ANOMALOUS,HIGH,98.14,99.79,0.21,0.4186,0.89,0.4714,98.14,2,9,13
linearsolver_n3.qasm,Normal,0.005,0,0,1,NORMAL,LOW,3.7,5.28,94.72,0.1857,0.05,0.0,3.7,3,12,22
linearsolver_n3.qasm,Gate Insertion,0.005,1,1,1,ANOMALOUS,MEDIUM,66.84,95.49,4.51,0.1857,0.065,0.0,66.84,3,12,23
linearsolver_n3.qasm,Gate Deletion,0.005,1,1,1,ANOMALOUS,HIGH,86.39,94.76,5.24,0.1857,0.52,0.3343,86.39,3,11,21
linearsolver_n3.qasm,Gate Substitution,0.005,1,1,1,ANOMALOUS,HIGH,90.68,97.88,2.12,0.1857,0.555,0.3693,90.68,3,12,22
linearsolver_n3.qasm,Multiple Gate Insertion,0.005,1,1,1,ANOMALOUS,HIGH,99.81,99.73,0.27,0.1857,0.845,0.6593,99.81,3,13,24
linearsolver_n3.qasm,Normal,0.01,0,0,1,NORMAL,LOW,4.76,6.81,93.19,0.2346,0.125,0.0,4.76,3,12,22
linearsolver_n3.qasm,Gate Insertion,0.01,1,1,1,ANOMALOUS,HIGH,81.52,92.85,7.15,0.2346,0.51,0.2754,81.52,3,12,23
linearsolver_n3.qasm,Gate Deletion,0.01,1,1,1,ANOMALOUS,HIGH,81.07,93.5,6.5,0.2346,0.495,0.2604,81.07,3,11,21
linearsolver_n3.qasm,Gate Substitution,0.01,1,1,1,ANOMALOUS,HIGH,93.37,98.63,1.37,0.2346,0.64,0.4054,93.37,3,12,22
linearsolver_n3.qasm,Multiple Gate Insertion,0.01,1,1,1,ANOMALOUS,MEDIUM,66.64,95.2,4.8,0.2346,0.185,0.0,66.64,3,12,24
linearsolver_n3.qasm,Normal,0.02,0,0,1,NORMAL,LOW,10.21,14.59,85.41,0.2982,0.24,0.0,10.21,3,12,22
linearsolver_n3.qasm,Gate Insertion,0.02,1,1,1,ANOMALOUS,MEDIUM,68.27,97.53,2.47,0.2982,0.27,0.0,68.27,3,13,23
linearsolver_n3.qasm,Gate Deletion,0.02,1,1,1,ANOMALOUS,HIGH,83.21,91.71,8.29,0.2982,0.615,0.3168,83.21,3,10,21
linearsolver_n3.qasm,Gate Substitution,0.02,1,1,1,ANOMALOUS,HIGH,75.49,88.83,11.17,0.2982,0.52,0.2218,75.49,3,12,22
linearsolver_n3.qasm,Multiple Gate Insertion,0.02,1,1,1,ANOMALOUS,HIGH,89.92,92.3,7.7,0.2982,0.72,0.4218,89.92,3,13,24
linearsolver_n3.qasm,Normal,0.03,0,0,1,NORMAL,LOW,12.44,17.77,82.23,0.3458,0.29,0.0,12.44,3,12,22
linearsolver_n3.qasm,Gate Insertion,0.03,1,1,1,ANOMALOUS,MEDIUM,67.68,96.68,3.32,0.3458,0.295,0.0,67.68,3,12,23
linearsolver_n3.qasm,Gate Deletion,0.03,1,0,0,NORMAL,LOW,9.92,14.17,85.83,0.3458,0.285,0.0,9.92,3,11,21
linearsolver_n3.qasm,Gate Substitution,0.03,1,1,1,ANOMALOUS,MEDIUM,63.39,85.91,14.09,0.3458,0.4,0.0542,63.39,3,12,22
linearsolver_n3.qasm,Multiple Gate Insertion,0.03,1,1,1,ANOMALOUS,HIGH,93.7,96.65,3.35,0.3458,0.78,0.4342,93.7,3,12,24
linearsolver_n3.qasm,Normal,0.04,0,0,1,NORMAL,MEDIUM,34.56,49.37,50.63,0.3788,0.375,0.0,34.56,3,12,22
linearsolver_n3.qasm,Gate Insertion,0.04,1,1,1,ANOMALOUS,HIGH,87.52,94.93,5.07,0.3788,0.73,0.3512,87.52,3,12,23
linearsolver_n3.qasm,Gate Deletion,0.04,1,1,1,ANOMALOUS,HIGH,86.19,93.02,6.98,0.3788,0.73,0.3512,86.19,3,12,21
linearsolver_n3.qasm,Gate Substitution,0.04,1,1,1,ANOMALOUS,HIGH,76.24,96.81,3.19,0.3788,0.52,0.1412,76.24,3,12,22
linearsolver_n3.qasm,Multiple Gate Insertion,0.04,1,1,1,ANOMALOUS,HIGH,92.31,98.76,1.24,0.3788,0.765,0.3862,92.31,3,12,24
linearsolver_n3.qasm,Normal,0.05,0,1,0,ANOMALOUS,MEDIUM,51.9,68.45,31.55,0.4186,0.485,0.0664,51.9,3,12,22
linearsolver_n3.qasm,Gate Insertion,0.05,1,1,1,ANOMALOUS,MEDIUM,67.67,93.55,6.45,0.4186,0.455,0.0364,67.67,3,13,23
linearsolver_n3.qasm,Gate Deletion,0.05,1,1,1,ANOMALOUS,MEDIUM,62.66,82.54,17.46,0.4186,0.5,0.0814,62.66,3,10,21
linearsolver_n3.qasm,Gate Substitution,0.05,1,1,1,ANOMALOUS,HIGH,85.2,96.73,3.27,0.4186,0.71,0.2914,85.2,3,12,22
linearsolver_n3.qasm,Multiple Gate Insertion,0.05,1,1,1,ANOMALOUS,MEDIUM,63.1,87.44,12.56,0.4186,0.45,0.0314,63.1,3,13,24
lpn_n5.qasm,Normal,0.005,0,0,1,NORMAL,LOW,9.14,13.05,86.95,0.1857,0.13,0.0,9.14,5,5,16
lpn_n5.qasm,Gate Insertion,0.005,1,1,1,ANOMALOUS,HIGH,98.87,98.39,1.61,0.1857,0.985,0.7993,98.87,5,6,17
lpn_n5.qasm,Gate Deletion,0.005,1,1,1,ANOMALOUS,HIGH,88.77,96.44,3.56,0.1857,0.54,0.3543,88.77,5,5,15
lpn_n5.qasm,Gate Substitution,0.005,1,1,1,ANOMALOUS,HIGH,90.57,99.44,0.56,0.1857,0.535,0.3493,90.57,5,5,16
lpn_n5.qasm,Multiple Gate Insertion,0.005,1,1,1,ANOMALOUS,HIGH,99.76,99.65,0.35,0.1857,0.98,0.7943,99.76,5,6,18
lpn_n5.qasm,Normal,0.01,0,0,1,NORMAL,LOW,6.23,8.9,91.1,0.2346,0.065,0.0,6.23,5,5,16
lpn_n5.qasm,Gate Insertion,0.01,1,1,1,ANOMALOUS,MEDIUM,68.16,97.38,2.62,0.2346,0.115,0.0,68.16,5,5,17
lpn_n5.qasm,Gate Deletion,0.01,1,1,1,ANOMALOUS,HIGH,84.33,96.44,3.56,0.2346,0.515,0.2804,84.33,5,4,15
lpn_n5.qasm,Gate Substitution,0.01,1,1,1,ANOMALOUS,HIGH,85.03,97.43,2.57,0.2346,0.515,0.2804,85.03,5,5,16
lpn_n5.qasm,Multiple Gate Insertion,0.01,1,1,1,ANOMALOUS,MEDIUM,67.68,96.69,3.31,0.2346,0.09,0.0,67.68,5,5,18
lpn_n5.qasm,Normal,0.02,0,0,1,NORMAL,LOW,10.57,15.1,84.9,0.2982,0.145,0.0,10.57,5,5,16
lpn_n5.qasm,Gate Insertion,0.02,1,1,1,ANOMALOUS,MEDIUM,68.43,97.76,2.24,0.2982,0.15,0.0,68.43,5,5,17
lpn_n5.qasm,Gate Deletion,0.02,1,1,1,ANOMALOUS,HIGH,79.34,94.76,5.24,0.2982,0.515,0.2168,79.34,5,4,15
lpn_n5.qasm,Gate Substitution,0.02,1,1,1,ANOMALOUS,HIGH,80.49,95.98,4.02,0.2982,0.52,0.2218,80.49,5,5,16
lpn_n5.qasm,Multiple Gate Insertion,0.02,1,1,1,ANOMALOUS,HIGH,99.39,99.13,0.87,0.2982,0.99,0.6918,99.39,5,6,18
lpn_n5.qasm,Normal,0.03,0,0,1,NORMAL,LOW,11.47,16.39,83.61,0.3458,0.17,0.0,11.47,5,5,16
lpn_n5.qasm,Gate Insertion,0.03,1,1,1,ANOMALOUS,HIGH,78.19,93.35,6.65,0.3458,0.56,0.2142,78.19,5,5,17
lpn_n5.qasm,Gate Deletion,0.03,1,1,1,ANOMALOUS,HIGH,78.19,93.35,6.65,0.3458,0.56,0.2142,78.19,5,4,15
lpn_n5.qasm,Gate Substitution,0.03,1,1,1,ANOMALOUS,HIGH,81.68,98.33,1.67,0.3458,0.56,0.2142,81.68,5,5,16
lpn_n5.qasm,Multiple Gate Insertion,0.03,1,1,1,ANOMALOUS,HIGH,98.38,97.69,2.31,0.3458,0.945,0.5992,98.38,5,6,18
lpn_n5.qasm,Normal,0.04,0,0,1,NORMAL,LOW,13.8,19.71,80.29,0.3788,0.265,0.0,13.8,5,5,16
lpn_n5.qasm,Gate Insertion,0.04,1,1,1,ANOMALOUS,MEDIUM,68.57,97.96,2.04,0.3788,0.235,0.0,68.57,5,6,17
lpn_n5.qasm,Gate Deletion,0.04,1,1,1,ANOMALOUS,HIGH,75.96,90.84,9.16,0.3788,0.585,0.2062,75.96,5,5,15
lpn_n5.qasm,Gate Substitution,0.04,1,1,1,ANOMALOUS,HIGH,81.8,98.75,1.25,0.3788,0.59,0.2112,81.8,5,5,16
lpn_n5.qasm,Multiple Gate Insertion,0.04,1,1,1,ANOMALOUS,HIGH,99.77,99.67,0.33,0.3788,0.895,0.5162,99.77,5,6,18
lpn_n5.qasm,Normal,0.05,0,0,1,NORMAL,LOW,19.77,28.25,71.75,0.4186,0.29,0.0,19.77,5,5,16
lpn_n5.qasm,Gate Insertion,0.05,1,1,1,ANOMALOUS,HIGH,98.17,97.38,2.62,0.4186,0.945,0.5264,98.17,5,5,17
lpn_n5.qasm,Gate Deletion,0.05,1,1,1,ANOMALOUS,HIGH,73.34,90.07,9.93,0.4186,0.59,0.1714,73.34,5,5,15
lpn_n5.qasm,Gate Substitution,0.05,1,1,1,ANOMALOUS,HIGH,80.84,98.64,1.36,0.4186,0.615,0.1964,80.84,5,5,16
lpn_n5.qasm,Multiple Gate Insertion,0.05,1,1,1,ANOMALOUS,HIGH,98.36,98.83,1.17,0.4186,0.905,0.4864,98.36,5,6,18
qaoa_n3.qasm,Normal,0.005,0,0,1,NORMAL,LOW,18.99,27.13,72.87,0.1857,0.125,0.0,18.99,3,12,18
qaoa_n3.qasm,Gate Insertion,0.005,1,1,1,ANOMALOUS,MEDIUM,68.75,98.21,1.79,0.1857,0.055,0.0,68.75,3,12,19
qaoa_n3.qasm,Gate Deletion,0.005,1,1,1,ANOMALOUS,HIGH,94.84,97.82,2.18,0.1857,0.625,0.4393,94.84,3,11,17
qaoa_n3.qasm,Gate Substitution,0.005,1,1,1,ANOMALOUS,HIGH,77.04,97.69,2.31,0.1857,0.33,0.1443,77.04,3,12,18
qaoa_n3.qasm,Multiple Gate Insertion,0.005,1,1,1,ANOMALOUS,HIGH,84.25,99.85,0.15,0.1857,0.425,0.2393,84.25,3,13,20
qaoa_n3.qasm,Normal,0.01,0,0,1,NORMAL,LOW,19.28,27.55,72.45,0.2346,0.13,0.0,19.28,3,12,18
qaoa_n3.qasm,Gate Insertion,0.01,1,1,1,ANOMALOUS,HIGH,77.42,95.13,4.87,0.2346,0.415,0.1804,77.42,3,12,19
qaoa_n3.qasm,Gate Deletion,0.01,1,1,1,ANOMALOUS,HIGH,85.92,97.0,3.0,0.2346,0.535,0.3004,85.92,3,12,17
qaoa_n3.qasm,Gate Substitution,0.01,1,1,1,ANOMALOUS,MEDIUM,56.61,74.4,25.6,0.2346,0.31,0.0754,56.61,3,12,18
qaoa_n3.qasm,Multiple Gate Insertion,0.01,1,1,1,ANOMALOUS,MEDIUM,69.75,99.61,0.39,0.2346,0.235,0.0004,69.75,3,13,20
qaoa_n3.qasm,Normal,0.02,0,0,1,NORMAL,LOW,12.08,17.26,82.74,0.2982,0.095,0.0,12.08,3,12,18
qaoa_n3.qasm,Gate Insertion,0.02,1,1,1,ANOMALOUS,MEDIUM,68.67,98.1,1.9,0.2982,0.17,0.0,68.67,3,12,19
qaoa_n3.qasm,Gate Deletion,0.02,1,1,1,ANOMALOUS,MEDIUM,51.24,71.76,28.24,0.2982,0.315,0.0168,51.24,3,12,17
qaoa_n3.qasm,Gate Substitution,0.02,1,1,1,ANOMALOUS,MEDIUM,65.71,88.58,11.42,0.2982,0.36,0.0618,65.71,3,12,18
qaoa_n3.qasm,Multiple Gate Insertion,0.02,1,1,1,ANOMALOUS,MEDIUM,69.82,96.59,3.41,0.2982,0.335,0.0368,69.82,3,12,20
qaoa_n3.qasm,Normal,0.03,0,0,1,NORMAL,LOW,17.41,24.88,75.12,0.3458,0.12,0.0,17.41,3,12,18
qaoa_n3.qasm,Gate Insertion,0.03,1,1,1,ANOMALOUS,MEDIUM,50.3,71.86,28.14,0.3458,0.335,0.0,50.3,3,12,19
qaoa_n3.qasm,Gate Deletion,0.03,1,1,1,ANOMALOUS,MEDIUM,37.63,53.76,46.24,0.3458,0.295,0.0,37.63,3,12,17
qaoa_n3.qasm,Gate Substitution,0.03,1,0,0,NORMAL,LOW,25.75,36.79,63.21,0.3458,0.275,0.0,25.75,3,12,18
qaoa_n3.qasm,Multiple Gate Insertion,0.03,1,1,1,ANOMALOUS,MEDIUM,69.75,99.64,0.36,0.3458,0.285,0.0,69.75,3,13,20
qaoa_n3.qasm,Normal,0.04,0,0,1,NORMAL,LOW,18.9,27.0,73.0,0.3788,0.14,0.0,18.9,3,12,18
qaoa_n3.qasm,Gate Insertion,0.04,1,1,1,ANOMALOUS,HIGH,70.74,97.53,2.47,0.3788,0.42,0.0412,70.74,3,12,19
qaoa_n3.qasm,Gate Deletion,0.04,1,0,0,NORMAL,LOW,27.78,39.69,60.31,0.3788,0.265,0.0,27.78,3,12,17
qaoa_n3.qasm,Gate Substitution,0.04,1,1,1,ANOMALOUS,HIGH,72.8,98.76,1.24,0.3788,0.44,0.0612,72.8,3,12,18
qaoa_n3.qasm,Multiple Gate Insertion,0.04,1,0,0,NORMAL,LOW,24.56,35.09,64.91,0.3788,0.26,0.0,24.56,3,12,20
qaoa_n3.qasm,Normal,0.05,0,0,1,NORMAL,LOW,21.29,30.41,69.59,0.4186,0.2,0.0,21.29,3,12,18
qaoa_n3.qasm,Gate Insertion,0.05,1,1,1,ANOMALOUS,MEDIUM,61.05,87.22,12.78,0.4186,0.335,0.0,61.05,3,13,19
qaoa_n3.qasm,Gate Deletion,0.05,1,1,1,ANOMALOUS,MEDIUM,43.11,61.58,38.42,0.4186,0.2,0.0,43.11,3,11,17
qaoa_n3.qasm,Gate Substitution,0.05,1,1,1,ANOMALOUS,MEDIUM,67.25,96.07,3.93,0.4186,0.17,0.0,67.25,3,12,18
qaoa_n3.qasm,Multiple Gate Insertion,0.05,1,1,1,ANOMALOUS,MEDIUM,58.2,83.14,16.86,0.4186,0.315,0.0,58.2,3,13,20
qaoa_n6.qasm,Normal,0.005,0,0,1,NORMAL,MEDIUM,39.45,43.99,56.01,0.1857,0.33,0.1443,39.45,6,110,276
qaoa_n6.qasm,Gate Insertion,0.005,1,1,1,ANOMALOUS,HIGH,80.06,96.86,3.14,0.1857,0.39,0.2043,80.06,6,110,277
qaoa_n6.qasm,Gate Deletion,0.005,1,0,0,NORMAL,MEDIUM,45.23,47.09,52.91,0.1857,0.39,0.2043,45.23,6,109,275
qaoa_n6.qasm,Gate Substitution,0.005,1,1,1,ANOMALOUS,HIGH,75.16,96.28,3.72,0.1857,0.315,0.1293,75.16,6,110,276
qaoa_n6.qasm,Multiple Gate Insertion,0.005,1,1,1,ANOMALOUS,HIGH,81.47,98.45,1.55,0.1857,0.395,0.2093,81.47,6,111,278
qaoa_n6.qasm,Normal,0.01,0,0,1,NORMAL,LOW,28.85,35.18,64.82,0.2346,0.305,0.0704,28.85,6,110,276
qaoa_n6.qasm,Gate Insertion,0.01,1,1,1,ANOMALOUS,MEDIUM,66.7,84.11,15.89,0.2346,0.365,0.1304,66.7,6,110,277
qaoa_n6.qasm,Gate Deletion,0.01,1,0,0,NORMAL,LOW,20.76,24.47,75.53,0.2346,0.295,0.0604,20.76,6,109,275
qaoa_n6.qasm,Gate Substitution,0.01,1,1,1,ANOMALOUS,HIGH,73.08,88.5,11.5,0.2346,0.42,0.1854,73.08,6,110,276
qaoa_n6.qasm,Multiple Gate Insertion,0.01,1,1,1,ANOMALOUS,HIGH,79.96,97.91,2.09,0.2346,0.425,0.1904,79.96,6,112,278
qaoa_n6.qasm,Normal,0.02,0,0,1,NORMAL,MEDIUM,35.28,43.82,56.18,0.2982,0.375,0.0768,35.28,6,110,276
qaoa_n6.qasm,Gate Insertion,0.02,1,1,1,ANOMALOUS,HIGH,70.71,98.72,1.28,0.2982,0.325,0.0268,70.71,6,111,277
qaoa_n6.qasm,Gate Deletion,0.02,1,0,0,NORMAL,MEDIUM,35.28,43.82,56.18,0.2982,0.375,0.0768,35.28,6,110,275
qaoa_n6.qasm,Gate Substitution,0.02,1,0,0,NORMAL,MEDIUM,41.38,47.39,52.61,0.2982,0.435,0.1368,41.38,6,110,276
qaoa_n6.qasm,Multiple Gate Insertion,0.02,1,1,1,ANOMALOUS,MEDIUM,69.93,98.89,1.11,0.2982,0.31,0.0118,69.93,6,111,278
qaoa_n6.qasm,Normal,0.03,0,0,1,NORMAL,MEDIUM,32.97,44.17,55.83,0.3458,0.38,0.0342,32.97,6,110,276
qaoa_n6.qasm,Gate Insertion,0.03,1,1,1,ANOMALOUS,HIGH,72.27,97.74,2.26,0.3458,0.41,0.0642,72.27,6,110,277
qaoa_n6.qasm,Gate Deletion,0.03,1,0,0,NORMAL,MEDIUM,33.68,43.47,56.53,0.3458,0.4,0.0542,33.68,6,110,275
qaoa_n6.qasm,Gate Substitution,0.03,1,1,1,ANOMALOUS,MEDIUM,41.54,53.85,46.15,0.3458,0.41,0.0642,41.54,6,110,276
qaoa_n6.qasm,Multiple Gate Insertion,0.03,1,1,1,ANOMALOUS,MEDIUM,60.94,78.13,21.87,0.3458,0.45,0.1042,60.94,6,110,278
qaoa_n6.qasm,Normal,0.04,0,0,1,NORMAL,MEDIUM,30.67,43.71,56.29,0.3788,0.38,0.0012,30.67,6,110,276
qaoa_n6.qasm,Gate Insertion,0.04,1,1,1,ANOMALOUS,MEDIUM,57.83,82.51,17.49,0.3788,0.38,0.0012,57.83,6,110,277
qaoa_n6.qasm,Gate Deletion,0.04,1,0,0,NORMAL,MEDIUM,30.48,43.02,56.98,0.3788,0.385,0.0062,30.48,6,110,275
qaoa_n6.qasm,Gate Substitution,0.04,1,1,1,ANOMALOUS,HIGH,71.48,97.73,2.27,0.3788,0.43,0.0512,71.48,6,110,276
qaoa_n6.qasm,Multiple Gate Insertion,0.04,1,1,1,ANOMALOUS,MEDIUM,68.81,98.3,1.7,0.3788,0.375,0.0,68.81,6,111,278
qaoa_n6.qasm,Normal,0.05,0,0,1,NORMAL,MEDIUM,30.2,43.02,56.98,0.4186,0.42,0.0014,30.2,6,110,276
qaoa_n6.qasm,Gate Insertion,0.05,1,1,1,ANOMALOUS,MEDIUM,56.04,80.05,19.95,0.4186,0.37,0.0,56.04,6,111,277
qaoa_n6.qasm,Gate Deletion,0.05,1,0,0,NORMAL,MEDIUM,30.11,43.02,56.98,0.4186,0.415,0.0,30.11,6,110,275
qaoa_n6.qasm,Gate Substitution,0.05,1,1,1,ANOMALOUS,MEDIUM,58.88,84.12,15.88,0.4186,0.345,0.0,58.88,6,110,276
qaoa_n6.qasm,Multiple Gate Insertion,0.05,1,1,1,ANOMALOUS,MEDIUM,68.61,98.01,1.99,0.4186,0.385,0.0,68.61,6,110,278
qec_en_n5.qasm,Normal,0.005,0,0,1,NORMAL,LOW,6.42,9.16,90.84,0.1857,0.135,0.0,6.42,5,18,30
qec_en_n5.qasm,Gate Insertion,0.005,1,1,1,ANOMALOUS,HIGH,96.77,95.38,4.62,0.1857,0.98,0.7943,96.77,5,18,31
qec_en_n5.qasm,Gate Deletion,0.005,1,0,0,NORMAL,LOW,23.72,30.94,69.06,0.1857,0.22,0.0343,23.72,5,17,29
qec_en_n5.qasm,Gate Substitution,0.005,1,1,1,ANOMALOUS,HIGH,81.15,86.41,13.59,0.1857,0.53,0.3443,81.15,5,18,30
qec_en_n5.qasm,Multiple Gate Insertion,0.005,1,1,1,ANOMALOUS,HIGH,96.77,95.38,4.62,0.1857,0.995,0.8093,96.77,5,19,32
qec_en_n5.qasm,Normal,0.01,0,0,1,NORMAL,LOW,9.28,13.25,86.75,0.2346,0.195,0.0,9.28,5,18,30
qec_en_n5.qasm,Gate Insertion,0.01,1,1,1,ANOMALOUS,MEDIUM,67.29,96.12,3.88,0.2346,0.165,0.0,67.29,5,18,31
qec_en_n5.qasm,Gate Deletion,0.01,1,0,0,NORMAL,LOW,28.22,35.99,64.01,0.2346,0.285,0.0504,28.22,5,17,29
qec_en_n5.qasm,Gate Substitution,0.01,1,1,1,ANOMALOUS,HIGH,86.39,97.66,2.34,0.2346,0.535,0.3004,86.39,5,18,30
qec_en_n5.qasm,Multiple Gate Insertion,0.01,1,1,1,ANOMALOUS,HIGH,99.35,99.07,0.93,0.2346,0.995,0.7604,99.35,5,19,32
qec_en_n5.qasm,Normal,0.02,0,0,1,NORMAL,LOW,26.95,36.63,63.37,0.2982,0.32,0.0218,26.95,5,18,30
qec_en_n5.qasm,Gate Insertion,0.02,1,1,1,ANOMALOUS,MEDIUM,69.99,96.83,3.17,0.2982,0.335,0.0368,69.99,5,18,31
qec_en_n5.qasm,Gate Deletion,0.02,1,1,1,ANOMALOUS,MEDIUM,67.65,75.92,24.08,0.2982,0.54,0.2418,67.65,5,17,29
qec_en_n5.qasm,Gate Substitution,0.02,1,1,1,ANOMALOUS,HIGH,85.58,96.81,3.19,0.2982,0.595,0.2968,85.58,5,18,30
qec_en_n5.qasm,Multiple Gate Insertion,0.02,1,1,1,ANOMALOUS,MEDIUM,69.37,97.23,2.77,0.2982,0.32,0.0218,69.37,5,19,32
qec_en_n5.qasm,Normal,0.03,0,1,0,ANOMALOUS,MEDIUM,42.31,53.22,46.78,0.3458,0.43,0.0842,42.31,5,18,30
qec_en_n5.qasm,Gate Insertion,0.03,1,1,1,ANOMALOUS,HIGH,98.75,98.22,1.78,0.3458,0.97,0.6242,98.75,5,18,31
qec_en_n5.qasm,Gate Deletion,0.03,1,1,1,ANOMALOUS,HIGH,75.08,76.04,23.96,0.3458,0.71,0.3642,75.08,5,18,29
qec_en_n5.qasm,Gate Substitution,0.03,1,1,1,ANOMALOUS,HIGH,88.04,95.84,4.16,0.3458,0.695,0.3492,88.04,5,18,30
qec_en_n5.qasm,Multiple Gate Insertion,0.03,1,1,1,ANOMALOUS,HIGH,95.5,93.57,6.43,0.3458,0.99,0.6442,95.5,5,18,32
qec_en_n5.qasm,Normal,0.04,0,1,0,ANOMALOUS,MEDIUM,52.61,61.77,38.23,0.3788,0.535,0.1562,52.61,5,18,30
qec_en_n5.qasm,Gate Insertion,0.04,1,1,1,ANOMALOUS,HIGH,98.75,98.22,1.78,0.3788,0.99,0.6112,98.75,5,19,31
qec_en_n5.qasm,Gate Deletion,0.04,1,1,1,ANOMALOUS,MEDIUM,69.78,71.73,28.27,0.3788,0.705,0.3262,69.78,5,18,29
qec_en_n5.qasm,Gate Substitution,0.04,1,1,1,ANOMALOUS,HIGH,86.27,94.86,5.14,0.3788,0.71,0.3312,86.27,5,18,30
qec_en_n5.qasm,Multiple Gate Insertion,0.04,1,1,1,ANOMALOUS,HIGH,99.73,99.62,0.38,0.3788,0.95,0.5712,99.73,5,20,32
qec_en_n5.qasm,Normal,0.05,0,1,0,ANOMALOUS,MEDIUM,53.52,61.77,38.23,0.4186,0.59,0.1714,53.52,5,18,30
qec_en_n5.qasm,Gate Insertion,0.05,1,1,1,ANOMALOUS,HIGH,95.5,93.57,6.43,0.4186,0.98,0.5614,95.5,5,18,31
qec_en_n5.qasm,Gate Deletion,0.05,1,1,1,ANOMALOUS,HIGH,79.17,85.55,14.45,0.4186,0.74,0.3214,79.17,5,18,29
qec_en_n5.qasm,Gate Substitution,0.05,1,1,1,ANOMALOUS,HIGH,84.88,96.7,3.3,0.4186,0.705,0.2864,84.88,5,18,30
qec_en_n5.qasm,Multiple Gate Insertion,0.05,1,1,1,ANOMALOUS,HIGH,99.44,99.2,0.8,0.4186,0.97,0.5514,99.44,5,19,32
qft_n4.qasm,Normal,0.005,0,0,1,NORMAL,MEDIUM,37.56,48.57,51.43,0.1857,0.245,0.0593,37.56,4,9,16
qft_n4.qasm,Gate Insertion,0.005,1,1,1,ANOMALOUS,MEDIUM,66.69,95.27,4.73,0.1857,0.14,0.0,66.69,4,10,17
qft_n4.qasm,Gate Deletion,0.005,1,1,1,ANOMALOUS,HIGH,83.32,95.95,4.05,0.1857,0.455,0.2693,83.32,4,8,15
qft_n4.qasm,Gate Substitution,0.005,1,1,1,ANOMALOUS,HIGH,90.7,97.92,2.08,0.1857,0.555,0.3693,90.7,4,9,16
qft_n4.qasm,Multiple Gate Insertion,0.005,1,1,1,ANOMALOUS,HIGH,78.46,97.56,2.44,0.1857,0.355,0.1693,78.46,4,10,18
qft_n4.qasm,Normal,0.01,0,0,1,NORMAL,LOW,28.68,40.96,59.04,0.2346,0.205,0.0,28.68,4,9,16
qft_n4.qasm,Gate Insertion,0.01,1,1,1,ANOMALOUS,MEDIUM,40.21,53.12,46.88,0.2346,0.285,0.0504,40.21,4,9,17
qft_n4.qasm,Gate Deletion,0.01,1,0,0,NORMAL,LOW,20.85,29.78,70.22,0.2346,0.125,0.0,20.85,4,9,15
qft_n4.qasm,Gate Substitution,0.01,1,1,1,ANOMALOUS,HIGH,81.3,99.39,0.61,0.2346,0.43,0.1954,81.3,4,9,16
qft_n4.qasm,Multiple Gate Insertion,0.01,1,1,1,ANOMALOUS,MEDIUM,68.93,98.47,1.53,0.2346,0.155,0.0,68.93,4,9,18
qft_n4.qasm,Normal,0.02,0,0,1,NORMAL,LOW,20.17,28.81,71.19,0.2982,0.14,0.0,20.17,4,9,16
qft_n4.qasm,Gate Insertion,0.02,1,0,0,NORMAL,LOW,19.87,28.38,71.62,0.2982,0.12,0.0,19.87,4,9,17
qft_n4.qasm,Gate Deletion,0.02,1,0,0,NORMAL,LOW,27.47,39.24,60.76,0.2982,0.145,0.0,27.47,4,9,15
qft_n4.qasm,Gate Substitution,0.02,1,1,1,ANOMALOUS,HIGH,76.94,95.18,4.82,0.2982,0.47,0.1718,76.94,4,9,16
qft_n4.qasm,Multiple Gate Insertion,0.02,1,1,1,ANOMALOUS,MEDIUM,69.45,99.22,0.78,0.2982,0.185,0.0,69.45,4,9,18
qft_n4.qasm,Normal,0.03,0,0,1,NORMAL,LOW,14.89,21.27,78.73,0.3458,0.105,0.0,14.89,4,9,16
qft_n4.qasm,Gate Insertion,0.03,1,0,0,NORMAL,LOW,19.57,27.96,72.04,0.3458,0.155,0.0,19.57,4,9,17
qft_n4.qasm,Gate Deletion,0.03,1,1,1,ANOMALOUS,HIGH,79.8,96.5,3.5,0.3458,0.55,0.2042,79.8,4,9,15
qft_n4.qasm,Gate Substitution,0.03,1,1,1,ANOMALOUS,MEDIUM,66.49,94.99,5.01,0.3458,0.14,0.0,66.49,4,9,16
qft_n4.qasm,Multiple Gate Insertion,0.03,1,1,1,ANOMALOUS,MEDIUM,66.42,94.89,5.11,0.3458,0.13,0.0,66.42,4,10,18
qft_n4.qasm,Normal,0.04,0,0,1,NORMAL,LOW,18.66,26.65,73.35,0.3788,0.135,0.0,18.66,4,9,16
qft_n4.qasm,Gate Insertion,0.04,1,1,1,ANOMALOUS,HIGH,70.65,92.25,7.75,0.3788,0.48,0.1012,70.65,4,10,17
qft_n4.qasm,Gate Deletion,0.04,1,0,0,NORMAL,LOW,25.69,36.71,63.29,0.3788,0.155,0.0,25.69,4,8,15
qft_n4.qasm,Gate Substitution,0.04,1,1,1,ANOMALOUS,HIGH,74.77,98.99,1.01,0.3788,0.47,0.0912,74.77,4,9,16
qft_n4.qasm,Multiple Gate Insertion,0.04,1,1,1,ANOMALOUS,MEDIUM,69.41,99.16,0.84,0.3788,0.12,0.0,69.41,4,10,18
qft_n4.qasm,Normal,0.05,0,0,1,NORMAL,LOW,14.13,20.19,79.81,0.4186,0.105,0.0,14.13,4,9,16
qft_n4.qasm,Gate Insertion,0.05,1,0,0,NORMAL,LOW,18.66,26.65,73.35,0.4186,0.155,0.0,18.66,4,10,17
qft_n4.qasm,Gate Deletion,0.05,1,1,1,ANOMALOUS,MEDIUM,68.99,92.86,7.14,0.4186,0.485,0.0664,68.99,4,9,15
qft_n4.qasm,Gate Substitution,0.05,1,1,1,ANOMALOUS,HIGH,74.72,98.47,1.53,0.4186,0.515,0.0964,74.72,4,9,16
qft_n4.qasm,Multiple Gate Insertion,0.05,1,1,1,ANOMALOUS,MEDIUM,68.47,97.82,2.18,0.4186,0.17,0.0,68.47,4,9,18
qpe_n9.qasm,Normal,0.005,0,1,0,ANOMALOUS,MEDIUM,50.87,63.73,36.27,0.1857,0.29,0.1043,50.87,9,21,39
qpe_n9.qasm,Gate Insertion,0.005,1,1,1,ANOMALOUS,HIGH,75.2,99.34,0.66,0.1857,0.28,0.0943,75.2,9,21,40
qpe_n9.qasm,Gate Deletion,0.005,1,1,1,ANOMALOUS,HIGH,76.88,92.74,7.26,0.1857,0.385,0.1993,76.88,9,21,38
qpe_n9.qasm,Gate Substitution,0.005,1,1,1,ANOMALOUS,HIGH,74.36,89.57,10.43,0.1857,0.38,0.1943,74.36,9,21,39
qpe_n9.qasm,Multiple Gate Insertion,0.005,1,1,1,ANOMALOUS,HIGH,88.21,99.06,0.94,0.1857,0.5,0.3143,88.21,9,22,41
qpe_n9.qasm,Normal,0.01,0,1,0,ANOMALOUS,MEDIUM,42.55,57.31,42.69,0.2346,0.275,0.0404,42.55,9,21,39
qpe_n9.qasm,Gate Insertion,0.01,1,1,1,ANOMALOUS,MEDIUM,37.45,51.75,48.25,0.2346,0.255,0.0204,37.45,9,21,40
qpe_n9.qasm,Gate Deletion,0.01,1,1,1,ANOMALOUS,HIGH,77.83,93.14,6.86,0.2346,0.445,0.2104,77.83,9,21,38
qpe_n9.qasm,Gate Substitution,0.01,1,1,1,ANOMALOUS,MEDIUM,42.85,57.31,42.69,0.2346,0.28,0.0454,42.85,9,21,39
qpe_n9.qasm,Multiple Gate Insertion,0.01,1,1,1,ANOMALOUS,HIGH,79.55,98.18,1.82,0.2346,0.415,0.1804,79.55,9,22,41
qpe_n9.qasm,Normal,0.02,0,0,1,NORMAL,LOW,28.75,41.08,58.92,0.2982,0.24,0.0,28.75,9,21,39
qpe_n9.qasm,Gate Insertion,0.02,1,1,1,ANOMALOUS,HIGH,74.09,97.11,2.89,0.2982,0.4,0.1018,74.09,9,22,40
qpe_n9.qasm,Gate Deletion,0.02,1,1,1,ANOMALOUS,MEDIUM,57.94,79.18,20.82,0.2982,0.34,0.0418,57.94,9,21,38
qpe_n9.qasm,Gate Substitution,0.02,1,1,1,ANOMALOUS,HIGH,75.81,97.0,3.0,0.2982,0.43,0.1318,75.81,9,21,39
qpe_n9.qasm,Multiple Gate Insertion,0.02,1,1,1,ANOMALOUS,HIGH,70.71,97.0,3.0,0.2982,0.345,0.0468,70.71,9,22,41
qpe_n9.qasm,Normal,0.03,0,0,1,NORMAL,LOW,23.78,33.97,66.03,0.3458,0.255,0.0,23.78,9,21,39
qpe_n9.qasm,Gate Insertion,0.03,1,1,1,ANOMALOUS,MEDIUM,68.03,97.19,2.81,0.3458,0.28,0.0,68.03,9,21,40
qpe_n9.qasm,Gate Deletion,0.03,1,1,1,ANOMALOUS,MEDIUM,62.57,85.59,14.41,0.3458,0.39,0.0442,62.57,9,21,38
qpe_n9.qasm,Gate Substitution,0.03,1,1,1,ANOMALOUS,MEDIUM,42.86,61.23,38.77,0.3458,0.32,0.0,42.86,9,21,39
qpe_n9.qasm,Multiple Gate Insertion,0.03,1,1,1,ANOMALOUS,HIGH,81.23,99.4,0.6,0.3458,0.54,0.1942,81.23,9,22,41
qpe_n9.qasm,Normal,0.04,0,0,1,NORMAL,LOW,24.92,35.6,64.4,0.3788,0.285,0.0,24.92,9,21,39
qpe_n9.qasm,Gate Insertion,0.04,1,0,0,NORMAL,LOW,24.92,35.6,64.4,0.3788,0.28,0.0,24.92,9,21,40
qpe_n9.qasm,Gate Deletion,0.04,1,1,1,ANOMALOUS,MEDIUM,50.08,71.54,28.46,0.3788,0.335,0.0,50.08,9,20,38
qpe_n9.qasm,Gate Substitution,0.04,1,1,1,ANOMALOUS,MEDIUM,69.08,98.69,1.31,0.3788,0.26,0.0,69.08,9,21,39
qpe_n9.qasm,Multiple Gate Insertion,0.04,1,0,0,NORMAL,LOW,24.6,35.15,64.85,0.3788,0.25,0.0,24.6,9,23,41
qpe_n9.qasm,Normal,0.05,0,0,1,NORMAL,LOW,22.45,32.07,67.93,0.4186,0.265,0.0,22.45,9,21,39
qpe_n9.qasm,Gate Insertion,0.05,1,0,0,NORMAL,LOW,27.18,38.82,61.18,0.4186,0.285,0.0,27.18,9,21,40
qpe_n9.qasm,Gate Deletion,0.05,1,1,1,ANOMALOUS,MEDIUM,55.72,79.61,20.39,0.4186,0.375,0.0,55.72,9,20,38
qpe_n9.qasm,Gate Substitution,0.05,1,1,1,ANOMALOUS,MEDIUM,66.46,94.94,5.06,0.4186,0.395,0.0,66.46,9,21,39
qpe_n9.qasm,Multiple Gate Insertion,0.05,1,1,1,ANOMALOUS,MEDIUM,67.97,96.12,3.88,0.4186,0.43,0.0114,67.97,9,22,41
