circuit,attack_type,noise_rate,num_qubits,original_depth,modified_depth,original_gates,modified_gates,tvd,prediction,anomaly_probability,risk_score,risk_level,status
adder_n10.qasm,normal,0.005,,,,,,,,,,,FAILED: 'unknown instruction: majority'
adder_n10.qasm,gate_insertion,0.005,,,,,,,,,,,FAILED: 'unknown instruction: majority'
adder_n10.qasm,gate_deletion,0.005,,,,,,,,,,,FAILED: 'unknown instruction: majority'
adder_n10.qasm,gate_substitution,0.005,,,,,,,,,,,FAILED: 'unknown instruction: majority'
adder_n10.qasm,multiple_gate_insertion,0.005,,,,,,,,,,,FAILED: 'unknown instruction: majority'
adder_n10.qasm,normal,0.01,,,,,,,,,,,FAILED: 'unknown instruction: majority'
adder_n10.qasm,gate_insertion,0.01,,,,,,,,,,,FAILED: 'unknown instruction: majority'
adder_n10.qasm,gate_deletion,0.01,,,,,,,,,,,FAILED: 'unknown instruction: majority'
adder_n10.qasm,gate_substitution,0.01,,,,,,,,,,,FAILED: 'unknown instruction: majority'
adder_n10.qasm,multiple_gate_insertion,0.01,,,,,,,,,,,FAILED: 'unknown instruction: majority'
adder_n10.qasm,normal,0.02,,,,,,,,,,,FAILED: 'unknown instruction: majority'
adder_n10.qasm,gate_insertion,0.02,,,,,,,,,,,FAILED: 'unknown instruction: majority'
adder_n10.qasm,gate_deletion,0.02,,,,,,,,,,,FAILED: 'unknown instruction: majority'
adder_n10.qasm,gate_substitution,0.02,,,,,,,,,,,FAILED: 'unknown instruction: majority'
adder_n10.qasm,multiple_gate_insertion,0.02,,,,,,,,,,,FAILED: 'unknown instruction: majority'
adder_n10.qasm,normal,0.03,,,,,,,,,,,FAILED: 'unknown instruction: majority'
adder_n10.qasm,gate_insertion,0.03,,,,,,,,,,,FAILED: 'unknown instruction: majority'
adder_n10.qasm,gate_deletion,0.03,,,,,,,,,,,FAILED: 'unknown instruction: majority'
adder_n10.qasm,gate_substitution,0.03,,,,,,,,,,,FAILED: 'unknown instruction: majority'
adder_n10.qasm,multiple_gate_insertion,0.03,,,,,,,,,,,FAILED: 'unknown instruction: majority'
adder_n10.qasm,normal,0.04,,,,,,,,,,,FAILED: 'unknown instruction: majority'
adder_n10.qasm,gate_insertion,0.04,,,,,,,,,,,FAILED: 'unknown instruction: majority'
adder_n10.qasm,gate_deletion,0.04,,,,,,,,,,,FAILED: 'unknown instruction: majority'
adder_n10.qasm,gate_substitution,0.04,,,,,,,,,,,FAILED: 'unknown instruction: majority'
adder_n10.qasm,multiple_gate_insertion,0.04,,,,,,,,,,,FAILED: 'unknown instruction: majority'
adder_n10.qasm,normal,0.05,,,,,,,,,,,FAILED: 'unknown instruction: majority'
adder_n10.qasm,gate_insertion,0.05,,,,,,,,,,,FAILED: 'unknown instruction: majority'
adder_n10.qasm,gate_deletion,0.05,,,,,,,,,,,FAILED: 'unknown instruction: majority'
adder_n10.qasm,gate_substitution,0.05,,,,,,,,,,,FAILED: 'unknown instruction: majority'
adder_n10.qasm,multiple_gate_insertion,0.05,,,,,,,,,,,FAILED: 'unknown instruction: majority'
adder_n4.qasm,normal,0.005,4,12,12,27,27,0.1,0,0.0608,6.08,LOW,SUCCESS
adder_n4.qasm,gate_insertion,0.005,4,12,13,27,28,0.1,1,0.9799,97.99,HIGH,SUCCESS
adder_n4.qasm,gate_deletion,0.005,4,12,11,27,26,0.04,0,0.0602,6.02,LOW,SUCCESS
adder_n4.qasm,gate_substitution,0.005,4,12,12,27,27,0.585,1,0.9761,97.61,HIGH,SUCCESS
adder_n4.qasm,multiple_gate_insertion,0.005,4,12,13,27,29,0.95,1,0.9977,99.77,HIGH,SUCCESS
adder_n4.qasm,normal,0.01,4,12,12,27,27,0.21,0,0.2085,20.85,LOW,SUCCESS
adder_n4.qasm,gate_insertion,0.01,4,12,12,27,28,0.99,1,0.9761,97.61,HIGH,SUCCESS
adder_n4.qasm,gate_deletion,0.01,4,12,12,27,26,1.0,1,0.9761,97.61,HIGH,SUCCESS
adder_n4.qasm,gate_substitution,0.01,4,12,12,27,27,0.58,1,0.9929,99.29,HIGH,SUCCESS
adder_n4.qasm,multiple_gate_insertion,0.01,4,12,12,27,29,0.975,1,0.9929,99.29,HIGH,SUCCESS
adder_n4.qasm,normal,0.02,4,12,12,27,27,0.34,1,0.7724,77.24,HIGH,SUCCESS
adder_n4.qasm,gate_insertion,0.02,4,12,13,27,28,0.665,1,0.9761,97.61,HIGH,SUCCESS
adder_n4.qasm,gate_deletion,0.02,4,12,11,27,26,0.27,1,0.6698,66.98,MEDIUM,SUCCESS
adder_n4.qasm,gate_substitution,0.02,4,12,12,27,27,0.64,1,0.9929,99.29,HIGH,SUCCESS
adder_n4.qasm,multiple_gate_insertion,0.02,4,12,13,27,29,0.975,1,0.9761,97.61,HIGH,SUCCESS
adder_n4.qasm,normal,0.03,4,12,12,27,27,0.385,1,0.8968,89.68,HIGH,SUCCESS
adder_n4.qasm,gate_insertion,0.03,4,12,13,27,28,0.49,1,0.9929,99.29,HIGH,SUCCESS
adder_n4.qasm,gate_deletion,0.03,4,12,12,27,26,0.425,1,0.9489,94.89,HIGH,SUCCESS
adder_n4.qasm,gate_substitution,0.03,4,12,12,27,27,0.965,1,0.992,99.2,HIGH,SUCCESS
adder_n4.qasm,multiple_gate_insertion,0.03,4,12,13,27,29,0.97,1,0.992,99.2,HIGH,SUCCESS
adder_n4.qasm,normal,0.04,4,12,12,27,27,0.555,1,0.9761,97.61,HIGH,SUCCESS
adder_n4.qasm,gate_insertion,0.04,4,12,12,27,28,0.545,1,0.9929,99.29,HIGH,SUCCESS
adder_n4.qasm,gate_deletion,0.04,4,12,11,27,26,0.495,1,0.9886,98.86,HIGH,SUCCESS
adder_n4.qasm,gate_substitution,0.04,4,12,12,27,27,0.5,1,0.9929,99.29,HIGH,SUCCESS
adder_n4.qasm,multiple_gate_insertion,0.04,4,12,13,27,29,0.515,1,0.9929,99.29,HIGH,SUCCESS
adder_n4.qasm,normal,0.05,4,12,12,27,27,0.585,1,0.9761,97.61,HIGH,SUCCESS
adder_n4.qasm,gate_insertion,0.05,4,12,13,27,28,0.695,1,0.9761,97.61,HIGH,SUCCESS
adder_n4.qasm,gate_deletion,0.05,4,12,12,27,26,0.49,1,0.9865,98.65,HIGH,SUCCESS
adder_n4.qasm,gate_substitution,0.05,4,12,12,27,27,0.615,1,0.992,99.2,HIGH,SUCCESS
adder_n4.qasm,multiple_gate_insertion,0.05,4,12,12,27,29,0.95,1,0.9977,99.77,HIGH,SUCCESS
basis_change_n3.qasm,normal,0.005,3,22,22,36,36,0.08,0,0.0634,6.34,LOW,SUCCESS
basis_change_n3.qasm,gate_insertion,0.005,3,22,22,36,37,0.985,1,0.9746,97.46,HIGH,SUCCESS
basis_change_n3.qasm,gate_deletion,0.005,3,22,22,36,35,0.17,0,0.0824,8.24,LOW,SUCCESS
basis_change_n3.qasm,gate_substitution,0.005,3,22,22,36,36,0.98,1,0.9915,99.15,HIGH,SUCCESS
basis_change_n3.qasm,multiple_gate_insertion,0.005,3,22,23,36,38,0.995,1,0.9973,99.73,HIGH,SUCCESS
basis_change_n3.qasm,normal,0.01,3,22,22,36,36,0.165,0,0.0824,8.24,LOW,SUCCESS
basis_change_n3.qasm,gate_insertion,0.01,3,22,23,36,37,0.11,1,0.955,95.5,HIGH,SUCCESS
basis_change_n3.qasm,gate_deletion,0.01,3,22,22,36,35,0.51,1,0.9733,97.33,HIGH,SUCCESS
basis_change_n3.qasm,gate_substitution,0.01,3,22,22,36,36,0.13,0,0.0697,6.97,LOW,SUCCESS
basis_change_n3.qasm,multiple_gate_insertion,0.01,3,22,24,36,38,0.96,1,0.9973,99.73,HIGH,SUCCESS
basis_change_n3.qasm,normal,0.02,3,22,22,36,36,0.265,0,0.2634,26.34,LOW,SUCCESS
basis_change_n3.qasm,gate_insertion,0.02,3,22,22,36,37,0.595,1,0.9733,97.33,HIGH,SUCCESS
basis_change_n3.qasm,gate_deletion,0.02,3,22,22,36,35,0.27,0,0.2532,25.32,LOW,SUCCESS
basis_change_n3.qasm,gate_substitution,0.02,3,22,22,36,36,0.945,1,0.9746,97.46,HIGH,SUCCESS
basis_change_n3.qasm,multiple_gate_insertion,0.02,3,22,23,36,38,0.65,1,0.9915,99.15,HIGH,SUCCESS
basis_change_n3.qasm,normal,0.03,3,22,22,36,36,0.35,1,0.6557,65.57,MEDIUM,SUCCESS
basis_change_n3.qasm,gate_insertion,0.03,3,22,23,36,37,0.925,1,0.9916,99.16,HIGH,SUCCESS
basis_change_n3.qasm,gate_deletion,0.03,3,22,22,36,35,0.46,1,0.9695,96.95,HIGH,SUCCESS
basis_change_n3.qasm,gate_substitution,0.03,3,22,22,36,36,0.945,1,0.9733,97.33,HIGH,SUCCESS
basis_change_n3.qasm,multiple_gate_insertion,0.03,3,22,23,36,38,0.945,1,0.9746,97.46,HIGH,SUCCESS
basis_change_n3.qasm,normal,0.04,3,22,22,36,36,0.405,1,0.7857,78.57,HIGH,SUCCESS
basis_change_n3.qasm,gate_insertion,0.04,3,22,23,36,37,0.505,1,0.9915,99.15,HIGH,SUCCESS
basis_change_n3.qasm,gate_deletion,0.04,3,22,22,36,35,0.5,1,0.9733,97.33,HIGH,SUCCESS
basis_change_n3.qasm,gate_substitution,0.04,3,22,22,36,36,0.62,1,0.9916,99.16,HIGH,SUCCESS
basis_change_n3.qasm,multiple_gate_insertion,0.04,3,22,23,36,38,0.895,1,0.9916,99.16,HIGH,SUCCESS
basis_change_n3.qasm,normal,0.05,3,22,22,36,36,0.49,1,0.9733,97.33,HIGH,SUCCESS
basis_change_n3.qasm,gate_insertion,0.05,3,22,23,36,37,0.46,1,0.9902,99.02,HIGH,SUCCESS
basis_change_n3.qasm,gate_deletion,0.05,3,22,22,36,35,0.535,1,0.9733,97.33,HIGH,SUCCESS
basis_change_n3.qasm,gate_substitution,0.05,3,22,22,36,36,0.68,1,0.9733,97.33,HIGH,SUCCESS
basis_change_n3.qasm,multiple_gate_insertion,0.05,3,22,23,36,38,0.93,1,0.9746,97.46,HIGH,SUCCESS
basis_test_n4.qasm,normal,0.005,,,,,,,,,,,"FAILED: ""basis_test_n4.qasm:118,0: 'swap' is not defined in this scope"""
basis_test_n4.qasm,gate_insertion,0.005,,,,,,,,,,,"FAILED: ""basis_test_n4.qasm:118,0: 'swap' is not defined in this scope"""
basis_test_n4.qasm,gate_deletion,0.005,,,,,,,,,,,"FAILED: ""basis_test_n4.qasm:118,0: 'swap' is not defined in this scope"""
basis_test_n4.qasm,gate_substitution,0.005,,,,,,,,,,,"FAILED: ""basis_test_n4.qasm:118,0: 'swap' is not defined in this scope"""
basis_test_n4.qasm,multiple_gate_insertion,0.005,,,,,,,,,,,"FAILED: ""basis_test_n4.qasm:118,0: 'swap' is not defined in this scope"""
basis_test_n4.qasm,normal,0.01,,,,,,,,,,,"FAILED: ""basis_test_n4.qasm:118,0: 'swap' is not defined in this scope"""
basis_test_n4.qasm,gate_insertion,0.01,,,,,,,,,,,"FAILED: ""basis_test_n4.qasm:118,0: 'swap' is not defined in this scope"""
basis_test_n4.qasm,gate_deletion,0.01,,,,,,,,,,,"FAILED: ""basis_test_n4.qasm:118,0: 'swap' is not defined in this scope"""
basis_test_n4.qasm,gate_substitution,0.01,,,,,,,,,,,"FAILED: ""basis_test_n4.qasm:118,0: 'swap' is not defined in this scope"""
basis_test_n4.qasm,multiple_gate_insertion,0.01,,,,,,,,,,,"FAILED: ""basis_test_n4.qasm:118,0: 'swap' is not defined in this scope"""
basis_test_n4.qasm,normal,0.02,,,,,,,,,,,"FAILED: ""basis_test_n4.qasm:118,0: 'swap' is not defined in this scope"""
basis_test_n4.qasm,gate_insertion,0.02,,,,,,,,,,,"FAILED: ""basis_test_n4.qasm:118,0: 'swap' is not defined in this scope"""
basis_test_n4.qasm,gate_deletion,0.02,,,,,,,,,,,"FAILED: ""basis_test_n4.qasm:118,0: 'swap' is not defined in this scope"""
basis_test_n4.qasm,gate_substitution,0.02,,,,,,,,,,,"FAILED: ""basis_test_n4.qasm:118,0: 'swap' is not defined in this scope"""
basis_test_n4.qasm,multiple_gate_insertion,0.02,,,,,,,,,,,"FAILED: ""basis_test_n4.qasm:118,0: 'swap' is not defined in this scope"""
basis_test_n4.qasm,normal,0.03,,,,,,,,,,,"FAILED: ""basis_test_n4.qasm:118,0: 'swap' is not defined in this scope"""
basis_test_n4.qasm,gate_insertion,0.03,,,,,,,,,,,"FAILED: ""basis_test_n4.qasm:118,0: 'swap' is not defined in this scope"""
basis_test_n4.qasm,gate_deletion,0.03,,,,,,,,,,,"FAILED: ""basis_test_n4.qasm:118,0: 'swap' is not defined in this scope"""
basis_test_n4.qasm,gate_substitution,0.03,,,,,,,,,,,"FAILED: ""basis_test_n4.qasm:118,0: 'swap' is not defined in this scope"""
basis_test_n4.qasm,multiple_gate_insertion,0.03,,,,,,,,,,,"FAILED: ""basis_test_n4.qasm:118,0: 'swap' is not defined in this scope"""
basis_test_n4.qasm,normal,0.04,,,,,,,,,,,"FAILED: ""basis_test_n4.qasm:118,0: 'swap' is not defined in this scope"""
basis_test_n4.qasm,gate_insertion,0.04,,,,,,,,,,,"FAILED: ""basis_test_n4.qasm:118,0: 'swap' is not defined in this scope"""
basis_test_n4.qasm,gate_deletion,0.04,,,,,,,,,,,"FAILED: ""basis_test_n4.qasm:118,0: 'swap' is not defined in this scope"""
basis_test_n4.qasm,gate_substitution,0.04,,,,,,,,,,,"FAILED: ""basis_test_n4.qasm:118,0: 'swap' is not defined in this scope"""
basis_test_n4.qasm,multiple_gate_insertion,0.04,,,,,,,,,,,"FAILED: ""basis_test_n4.qasm:118,0: 'swap' is not defined in this scope"""
basis_test_n4.qasm,normal,0.05,,,,,,,,,,,"FAILED: ""basis_test_n4.qasm:118,0: 'swap' is not defined in this scope"""
basis_test_n4.qasm,gate_insertion,0.05,,,,,,,,,,,"FAILED: ""basis_test_n4.qasm:118,0: 'swap' is not defined in this scope"""
basis_test_n4.qasm,gate_deletion,0.05,,,,,,,,,,,"FAILED: ""basis_test_n4.qasm:118,0: 'swap' is not defined in this scope"""
basis_test_n4.qasm,gate_substitution,0.05,,,,,,,,,,,"FAILED: ""basis_test_n4.qasm:118,0: 'swap' is not defined in this scope"""
basis_test_n4.qasm,multiple_gate_insertion,0.05,,,,,,,,,,,"FAILED: ""basis_test_n4.qasm:118,0: 'swap' is not defined in this scope"""
basis_trotter_n4.qasm,normal,0.005,,,,,,,,,,,"FAILED: ""basis_trotter_n4.qasm:146,0: 'swap' is not defined in this scope"""
basis_trotter_n4.qasm,gate_insertion,0.005,,,,,,,,,,,"FAILED: ""basis_trotter_n4.qasm:146,0: 'swap' is not defined in this scope"""
basis_trotter_n4.qasm,gate_deletion,0.005,,,,,,,,,,,"FAILED: ""basis_trotter_n4.qasm:146,0: 'swap' is not defined in this scope"""
basis_trotter_n4.qasm,gate_substitution,0.005,,,,,,,,,,,"FAILED: ""basis_trotter_n4.qasm:146,0: 'swap' is not defined in this scope"""
basis_trotter_n4.qasm,multiple_gate_insertion,0.005,,,,,,,,,,,"FAILED: ""basis_trotter_n4.qasm:146,0: 'swap' is not defined in this scope"""
basis_trotter_n4.qasm,normal,0.01,,,,,,,,,,,"FAILED: ""basis_trotter_n4.qasm:146,0: 'swap' is not defined in this scope"""
basis_trotter_n4.qasm,gate_insertion,0.01,,,,,,,,,,,"FAILED: ""basis_trotter_n4.qasm:146,0: 'swap' is not defined in this scope"""
basis_trotter_n4.qasm,gate_deletion,0.01,,,,,,,,,,,"FAILED: ""basis_trotter_n4.qasm:146,0: 'swap' is not defined in this scope"""
basis_trotter_n4.qasm,gate_substitution,0.01,,,,,,,,,,,"FAILED: ""basis_trotter_n4.qasm:146,0: 'swap' is not defined in this scope"""
basis_trotter_n4.qasm,multiple_gate_insertion,0.01,,,,,,,,,,,"FAILED: ""basis_trotter_n4.qasm:146,0: 'swap' is not defined in this scope"""
basis_trotter_n4.qasm,normal,0.02,,,,,,,,,,,"FAILED: ""basis_trotter_n4.qasm:146,0: 'swap' is not defined in this scope"""
basis_trotter_n4.qasm,gate_insertion,0.02,,,,,,,,,,,"FAILED: ""basis_trotter_n4.qasm:146,0: 'swap' is not defined in this scope"""
basis_trotter_n4.qasm,gate_deletion,0.02,,,,,,,,,,,"FAILED: ""basis_trotter_n4.qasm:146,0: 'swap' is not defined in this scope"""
basis_trotter_n4.qasm,gate_substitution,0.02,,,,,,,,,,,"FAILED: ""basis_trotter_n4.qasm:146,0: 'swap' is not defined in this scope"""
basis_trotter_n4.qasm,multiple_gate_insertion,0.02,,,,,,,,,,,"FAILED: ""basis_trotter_n4.qasm:146,0: 'swap' is not defined in this scope"""
basis_trotter_n4.qasm,normal,0.03,,,,,,,,,,,"FAILED: ""basis_trotter_n4.qasm:146,0: 'swap' is not defined in this scope"""
basis_trotter_n4.qasm,gate_insertion,0.03,,,,,,,,,,,"FAILED: ""basis_trotter_n4.qasm:146,0: 'swap' is not defined in this scope"""
basis_trotter_n4.qasm,gate_deletion,0.03,,,,,,,,,,,"FAILED: ""basis_trotter_n4.qasm:146,0: 'swap' is not defined in this scope"""
basis_trotter_n4.qasm,gate_substitution,0.03,,,,,,,,,,,"FAILED: ""basis_trotter_n4.qasm:146,0: 'swap' is not defined in this scope"""
basis_trotter_n4.qasm,multiple_gate_insertion,0.03,,,,,,,,,,,"FAILED: ""basis_trotter_n4.qasm:146,0: 'swap' is not defined in this scope"""
basis_trotter_n4.qasm,normal,0.04,,,,,,,,,,,"FAILED: ""basis_trotter_n4.qasm:146,0: 'swap' is not defined in this scope"""
basis_trotter_n4.qasm,gate_insertion,0.04,,,,,,,,,,,"FAILED: ""basis_trotter_n4.qasm:146,0: 'swap' is not defined in this scope"""
basis_trotter_n4.qasm,gate_deletion,0.04,,,,,,,,,,,"FAILED: ""basis_trotter_n4.qasm:146,0: 'swap' is not defined in this scope"""
basis_trotter_n4.qasm,gate_substitution,0.04,,,,,,,,,,,"FAILED: ""basis_trotter_n4.qasm:146,0: 'swap' is not defined in this scope"""
basis_trotter_n4.qasm,multiple_gate_insertion,0.04,,,,,,,,,,,"FAILED: ""basis_trotter_n4.qasm:146,0: 'swap' is not defined in this scope"""
basis_trotter_n4.qasm,normal,0.05,,,,,,,,,,,"FAILED: ""basis_trotter_n4.qasm:146,0: 'swap' is not defined in this scope"""
basis_trotter_n4.qasm,gate_insertion,0.05,,,,,,,,,,,"FAILED: ""basis_trotter_n4.qasm:146,0: 'swap' is not defined in this scope"""
basis_trotter_n4.qasm,gate_deletion,0.05,,,,,,,,,,,"FAILED: ""basis_trotter_n4.qasm:146,0: 'swap' is not defined in this scope"""
basis_trotter_n4.qasm,gate_substitution,0.05,,,,,,,,,,,"FAILED: ""basis_trotter_n4.qasm:146,0: 'swap' is not defined in this scope"""
basis_trotter_n4.qasm,multiple_gate_insertion,0.05,,,,,,,,,,,"FAILED: ""basis_trotter_n4.qasm:146,0: 'swap' is not defined in this scope"""
bb84_n8.qasm,normal,0.005,8,7,7,43,43,0.175,0,0.1286,12.86,LOW,SUCCESS
bb84_n8.qasm,gate_insertion,0.005,8,7,7,43,44,1.0,1,0.9934,99.34,HIGH,SUCCESS
bb84_n8.qasm,gate_deletion,0.005,8,7,7,43,42,1.0,1,0.9944,99.44,HIGH,SUCCESS
bb84_n8.qasm,gate_substitution,0.005,8,7,7,43,43,1.0,1,0.9934,99.34,HIGH,SUCCESS
bb84_n8.qasm,multiple_gate_insertion,0.005,8,7,7,43,45,1.0,1,0.9874,98.74,HIGH,SUCCESS
bb84_n8.qasm,normal,0.01,8,7,7,43,43,0.235,0,0.4791,47.91,MEDIUM,SUCCESS
bb84_n8.qasm,gate_insertion,0.01,8,7,7,43,44,1.0,1,0.9696,96.96,HIGH,SUCCESS
bb84_n8.qasm,gate_deletion,0.01,8,7,7,43,42,1.0,1,0.9661,96.61,HIGH,SUCCESS
bb84_n8.qasm,gate_substitution,0.01,8,7,7,43,43,1.0,1,0.9934,99.34,HIGH,SUCCESS
bb84_n8.qasm,multiple_gate_insertion,0.01,8,7,7,43,45,1.0,1,0.9934,99.34,HIGH,SUCCESS
bb84_n8.qasm,normal,0.02,8,7,7,43,43,0.225,0,0.4791,47.91,MEDIUM,SUCCESS
bb84_n8.qasm,gate_insertion,0.02,8,7,7,43,44,1.0,1,0.9696,96.96,HIGH,SUCCESS
bb84_n8.qasm,gate_deletion,0.02,8,7,7,43,42,1.0,1,0.9944,99.44,HIGH,SUCCESS
bb84_n8.qasm,gate_substitution,0.02,8,7,7,43,43,1.0,1,0.9934,99.34,HIGH,SUCCESS
bb84_n8.qasm,multiple_gate_insertion,0.02,8,7,8,43,45,1.0,1,0.9941,99.41,HIGH,SUCCESS
bb84_n8.qasm,normal,0.03,8,7,7,43,43,0.245,0,0.3908,39.08,MEDIUM,SUCCESS
bb84_n8.qasm,gate_insertion,0.03,8,7,8,43,44,1.0,1,0.986,98.6,HIGH,SUCCESS
bb84_n8.qasm,gate_deletion,0.03,8,7,7,43,42,1.0,1,0.9944,99.44,HIGH,SUCCESS
bb84_n8.qasm,gate_substitution,0.03,8,7,7,43,43,1.0,1,0.9977,99.77,HIGH,SUCCESS
bb84_n8.qasm,multiple_gate_insertion,0.03,8,7,8,43,45,1.0,1,0.986,98.6,HIGH,SUCCESS
bb84_n8.qasm,normal,0.04,8,7,7,43,43,0.27,0,0.3781,37.81,MEDIUM,SUCCESS
bb84_n8.qasm,gate_insertion,0.04,8,7,8,43,44,1.0,1,0.986,98.6,HIGH,SUCCESS
bb84_n8.qasm,gate_deletion,0.04,8,7,7,43,42,1.0,1,0.9944,99.44,HIGH,SUCCESS
bb84_n8.qasm,gate_substitution,0.04,8,7,7,43,43,1.0,1,0.9977,99.77,HIGH,SUCCESS
bb84_n8.qasm,multiple_gate_insertion,0.04,8,7,7,43,45,1.0,1,0.9934,99.34,HIGH,SUCCESS
bb84_n8.qasm,normal,0.05,8,7,7,43,43,0.335,1,0.7123,71.23,HIGH,SUCCESS
bb84_n8.qasm,gate_insertion,0.05,8,7,7,43,44,1.0,1,0.9934,99.34,HIGH,SUCCESS
bb84_n8.qasm,gate_deletion,0.05,8,7,7,43,42,1.0,1,0.9661,96.61,HIGH,SUCCESS
bb84_n8.qasm,gate_substitution,0.05,8,7,7,43,43,1.0,1,0.9934,99.34,HIGH,SUCCESS
bb84_n8.qasm,multiple_gate_insertion,0.05,8,7,8,43,45,1.0,1,0.9934,99.34,HIGH,SUCCESS
bell_n4.qasm,normal,0.005,4,14,14,37,37,0.195,0,0.2142,21.42,LOW,SUCCESS
bell_n4.qasm,gate_insertion,0.005,4,14,14,37,38,1.0,1,0.9931,99.31,HIGH,SUCCESS
bell_n4.qasm,gate_deletion,0.005,4,14,13,37,36,1.0,1,0.9807,98.07,HIGH,SUCCESS
bell_n4.qasm,gate_substitution,0.005,4,14,14,37,37,1.0,1,0.9807,98.07,HIGH,SUCCESS
bell_n4.qasm,multiple_gate_insertion,0.005,4,14,14,37,39,1.0,1,0.9921,99.21,HIGH,SUCCESS
bell_n4.qasm,normal,0.01,4,14,14,37,37,0.12,0,0.1272,12.72,LOW,SUCCESS
bell_n4.qasm,gate_insertion,0.01,4,14,14,37,38,1.0,1,0.9807,98.07,HIGH,SUCCESS
bell_n4.qasm,gate_deletion,0.01,4,14,14,37,36,1.0,1,0.9807,98.07,HIGH,SUCCESS
bell_n4.qasm,gate_substitution,0.01,4,14,14,37,37,1.0,1,0.9817,98.17,HIGH,SUCCESS
bell_n4.qasm,multiple_gate_insertion,0.01,4,14,14,37,39,1.0,1,0.9972,99.72,HIGH,SUCCESS
bell_n4.qasm,normal,0.02,4,14,14,37,37,0.23,1,0.6421,64.21,MEDIUM,SUCCESS
bell_n4.qasm,gate_insertion,0.02,4,14,14,37,38,1.0,1,0.9817,98.17,HIGH,SUCCESS
bell_n4.qasm,gate_deletion,0.02,4,14,14,37,36,1.0,1,0.9807,98.07,HIGH,SUCCESS
bell_n4.qasm,gate_substitution,0.02,4,14,14,37,37,1.0,1,0.9817,98.17,HIGH,SUCCESS
bell_n4.qasm,multiple_gate_insertion,0.02,4,14,14,37,39,1.0,1,0.9972,99.72,HIGH,SUCCESS
bell_n4.qasm,normal,0.03,4,14,14,37,37,0.2,0,0.2488,24.88,LOW,SUCCESS
bell_n4.qasm,gate_insertion,0.03,4,14,15,37,38,1.0,1,0.9931,99.31,HIGH,SUCCESS
bell_n4.qasm,gate_deletion,0.03,4,14,14,37,36,1.0,1,0.9807,98.07,HIGH,SUCCESS
bell_n4.qasm,gate_substitution,0.03,4,14,14,37,37,1.0,1,0.9921,99.21,HIGH,SUCCESS
bell_n4.qasm,multiple_gate_insertion,0.03,4,14,15,37,39,1.0,1,0.9934,99.34,HIGH,SUCCESS
bell_n4.qasm,normal,0.04,4,14,14,37,37,0.215,0,0.2488,24.88,LOW,SUCCESS
bell_n4.qasm,gate_insertion,0.04,4,14,14,37,38,1.0,1,0.9921,99.21,HIGH,SUCCESS
bell_n4.qasm,gate_deletion,0.04,4,14,13,37,36,1.0,1,0.9807,98.07,HIGH,SUCCESS
bell_n4.qasm,gate_substitution,0.04,4,14,14,37,37,1.0,1,0.9921,99.21,HIGH,SUCCESS
bell_n4.qasm,multiple_gate_insertion,0.04,4,14,14,37,39,1.0,1,0.9972,99.72,HIGH,SUCCESS
bell_n4.qasm,normal,0.05,4,14,14,37,37,0.32,1,0.8285,82.85,HIGH,SUCCESS
bell_n4.qasm,gate_insertion,0.05,4,14,15,37,38,1.0,1,0.9817,98.17,HIGH,SUCCESS
bell_n4.qasm,gate_deletion,0.05,4,14,14,37,36,1.0,1,0.9807,98.07,HIGH,SUCCESS
bell_n4.qasm,gate_substitution,0.05,4,14,14,37,37,1.0,1,0.9817,98.17,HIGH,SUCCESS
bell_n4.qasm,multiple_gate_insertion,0.05,4,14,16,37,39,1.0,1,0.9972,99.72,HIGH,SUCCESS
cat_state_n4.qasm,normal,0.005,4,5,5,8,8,0.05,0,0.049,4.9,LOW,SUCCESS
cat_state_n4.qasm,gate_insertion,0.005,4,5,6,8,9,1.0,1,0.9882,98.82,HIGH,SUCCESS
cat_state_n4.qasm,gate_deletion,0.005,4,5,3,8,7,0.53,1,0.9876,98.76,HIGH,SUCCESS
cat_state_n4.qasm,gate_substitution,0.005,4,5,5,8,8,0.505,1,0.9951,99.51,HIGH,SUCCESS
cat_state_n4.qasm,multiple_gate_insertion,0.005,4,5,6,8,10,0.75,1,0.9876,98.76,HIGH,SUCCESS
cat_state_n4.qasm,normal,0.01,4,5,5,8,8,0.155,0,0.2612,26.12,LOW,SUCCESS
cat_state_n4.qasm,gate_insertion,0.01,4,5,5,8,9,0.145,1,0.9906,99.06,HIGH,SUCCESS
cat_state_n4.qasm,gate_deletion,0.01,4,5,3,8,7,0.52,1,0.9876,98.76,HIGH,SUCCESS
cat_state_n4.qasm,gate_substitution,0.01,4,5,5,8,8,0.525,1,0.9951,99.51,HIGH,SUCCESS
cat_state_n4.qasm,multiple_gate_insertion,0.01,4,5,5,8,10,0.575,1,0.9955,99.55,HIGH,SUCCESS
cat_state_n4.qasm,normal,0.02,4,5,5,8,8,0.06,0,0.049,4.9,LOW,SUCCESS
cat_state_n4.qasm,gate_insertion,0.02,4,5,6,8,9,0.57,1,0.9876,98.76,HIGH,SUCCESS
cat_state_n4.qasm,gate_deletion,0.02,4,5,3,8,7,0.54,1,0.9876,98.76,HIGH,SUCCESS
cat_state_n4.qasm,gate_substitution,0.02,4,5,5,8,8,0.475,1,0.995,99.5,HIGH,SUCCESS
cat_state_n4.qasm,multiple_gate_insertion,0.02,4,5,6,8,10,0.995,1,0.9949,99.49,HIGH,SUCCESS
cat_state_n4.qasm,normal,0.03,4,5,5,8,8,0.155,0,0.2612,26.12,LOW,SUCCESS
cat_state_n4.qasm,gate_insertion,0.03,4,5,6,8,9,0.985,1,0.9949,99.49,HIGH,SUCCESS
cat_state_n4.qasm,gate_deletion,0.03,4,5,4,8,7,0.535,1,0.9876,98.76,HIGH,SUCCESS
cat_state_n4.qasm,gate_substitution,0.03,4,5,5,8,8,0.48,1,0.9949,99.49,HIGH,SUCCESS
cat_state_n4.qasm,multiple_gate_insertion,0.03,4,5,6,8,10,0.16,1,0.9906,99.06,HIGH,SUCCESS
cat_state_n4.qasm,normal,0.04,4,5,5,8,8,0.165,0,0.4289,42.89,MEDIUM,SUCCESS
cat_state_n4.qasm,gate_insertion,0.04,4,5,5,8,9,0.99,1,0.9949,99.49,HIGH,SUCCESS
cat_state_n4.qasm,gate_deletion,0.04,4,5,3,8,7,0.6,1,0.9876,98.76,HIGH,SUCCESS
cat_state_n4.qasm,gate_substitution,0.04,4,5,5,8,8,0.43,1,0.9921,99.21,HIGH,SUCCESS
cat_state_n4.qasm,multiple_gate_insertion,0.04,4,5,6,8,10,0.955,1,0.9882,98.82,HIGH,SUCCESS
cat_state_n4.qasm,normal,0.05,4,5,5,8,8,0.245,1,0.6953,69.53,MEDIUM,SUCCESS
cat_state_n4.qasm,gate_insertion,0.05,4,5,5,8,9,0.92,1,0.9882,98.82,HIGH,SUCCESS
cat_state_n4.qasm,gate_deletion,0.05,4,5,3,8,7,0.485,1,0.9876,98.76,HIGH,SUCCESS
cat_state_n4.qasm,gate_substitution,0.05,4,5,5,8,8,0.455,1,0.995,99.5,HIGH,SUCCESS
cat_state_n4.qasm,multiple_gate_insertion,0.05,4,5,6,8,10,0.97,1,0.9882,98.82,HIGH,SUCCESS
deutsch_n2.qasm,normal,0.005,2,5,5,7,7,0.04,0,0.0515,5.15,LOW,SUCCESS
deutsch_n2.qasm,gate_insertion,0.005,2,5,6,7,8,0.055,1,0.9906,99.06,HIGH,SUCCESS
deutsch_n2.qasm,gate_deletion,0.005,2,5,4,7,6,0.49,1,0.9882,98.82,HIGH,SUCCESS
deutsch_n2.qasm,gate_substitution,0.005,2,5,5,7,7,0.485,1,0.9957,99.57,HIGH,SUCCESS
deutsch_n2.qasm,multiple_gate_insertion,0.005,2,5,6,7,9,0.965,1,0.9882,98.82,HIGH,SUCCESS
deutsch_n2.qasm,normal,0.01,2,5,5,7,7,0.135,0,0.2712,27.12,LOW,SUCCESS
deutsch_n2.qasm,gate_insertion,0.01,2,5,5,7,8,0.555,1,0.9882,98.82,HIGH,SUCCESS
deutsch_n2.qasm,gate_deletion,0.01,2,5,3,7,6,1.0,1,0.9882,98.82,HIGH,SUCCESS
deutsch_n2.qasm,gate_substitution,0.01,2,5,5,7,7,0.455,1,0.9869,98.69,HIGH,SUCCESS
deutsch_n2.qasm,multiple_gate_insertion,0.01,2,5,6,7,9,0.935,1,0.9957,99.57,HIGH,SUCCESS
deutsch_n2.qasm,normal,0.02,2,5,5,7,7,0.11,0,0.1058,10.58,LOW,SUCCESS
deutsch_n2.qasm,gate_insertion,0.02,2,5,5,7,8,0.1,1,0.916,91.6,HIGH,SUCCESS
deutsch_n2.qasm,gate_deletion,0.02,2,5,3,7,6,0.965,1,0.9882,98.82,HIGH,SUCCESS
deutsch_n2.qasm,gate_substitution,0.02,2,5,5,7,7,0.555,1,0.9957,99.57,HIGH,SUCCESS
deutsch_n2.qasm,multiple_gate_insertion,0.02,2,5,7,7,9,0.495,1,0.9953,99.53,HIGH,SUCCESS
deutsch_n2.qasm,normal,0.03,2,5,5,7,7,0.11,0,0.1058,10.58,LOW,SUCCESS
deutsch_n2.qasm,gate_insertion,0.03,2,5,5,7,8,0.14,1,0.9815,98.15,HIGH,SUCCESS
deutsch_n2.qasm,gate_deletion,0.03,2,5,4,7,6,0.53,1,0.9882,98.82,HIGH,SUCCESS
deutsch_n2.qasm,gate_substitution,0.03,2,5,5,7,7,0.47,1,0.9952,99.52,HIGH,SUCCESS
deutsch_n2.qasm,multiple_gate_insertion,0.03,2,5,7,7,9,0.56,1,0.9957,99.57,HIGH,SUCCESS
deutsch_n2.qasm,normal,0.04,2,5,5,7,7,0.115,0,0.123,12.3,LOW,SUCCESS
deutsch_n2.qasm,gate_insertion,0.04,2,5,6,7,8,0.825,1,0.9882,98.82,HIGH,SUCCESS
deutsch_n2.qasm,gate_deletion,0.04,2,5,5,7,6,0.495,1,0.9882,98.82,HIGH,SUCCESS
deutsch_n2.qasm,gate_substitution,0.04,2,5,5,7,7,0.495,1,0.9953,99.53,HIGH,SUCCESS
deutsch_n2.qasm,multiple_gate_insertion,0.04,2,5,6,7,9,0.495,1,0.9953,99.53,HIGH,SUCCESS
deutsch_n2.qasm,normal,0.05,2,5,5,7,7,0.11,0,0.1058,10.58,LOW,SUCCESS
deutsch_n2.qasm,gate_insertion,0.05,2,5,6,7,8,0.825,1,0.9952,99.52,HIGH,SUCCESS
deutsch_n2.qasm,gate_deletion,0.05,2,5,4,7,6,0.5,1,0.9882,98.82,HIGH,SUCCESS
deutsch_n2.qasm,gate_substitution,0.05,2,5,5,7,7,0.095,1,0.912,91.2,HIGH,SUCCESS
deutsch_n2.qasm,multiple_gate_insertion,0.05,2,5,7,7,9,0.115,1,0.9524,95.24,HIGH,SUCCESS
dnn_n2.qasm,normal,0.005,2,155,155,228,228,0.24,0,0.4744,47.44,MEDIUM,SUCCESS
dnn_n2.qasm,gate_insertion,0.005,2,155,156,228,229,0.39,1,0.9701,97.01,HIGH,SUCCESS
dnn_n2.qasm,gate_deletion,0.005,2,155,154,228,227,0.26,1,0.5243,52.43,MEDIUM,SUCCESS
dnn_n2.qasm,gate_substitution,0.005,2,155,155,228,228,0.315,1,0.7168,71.68,HIGH,SUCCESS
dnn_n2.qasm,multiple_gate_insertion,0.005,2,155,156,228,230,0.38,1,0.9704,97.04,HIGH,SUCCESS
dnn_n2.qasm,normal,0.01,2,155,155,228,228,0.345,1,0.7841,78.41,HIGH,SUCCESS
dnn_n2.qasm,gate_insertion,0.01,2,155,156,228,229,0.275,1,0.9779,97.79,HIGH,SUCCESS
dnn_n2.qasm,gate_deletion,0.01,2,155,153,228,227,0.3,1,0.6993,69.93,MEDIUM,SUCCESS
dnn_n2.qasm,gate_substitution,0.01,2,155,155,228,228,0.425,1,0.8679,86.79,HIGH,SUCCESS
dnn_n2.qasm,multiple_gate_insertion,0.01,2,155,156,228,230,0.245,1,0.979,97.9,HIGH,SUCCESS
dnn_n2.qasm,normal,0.02,2,155,155,228,228,0.34,1,0.6922,69.22,MEDIUM,SUCCESS
dnn_n2.qasm,gate_insertion,0.02,2,155,156,228,229,0.33,1,0.9713,97.13,HIGH,SUCCESS
dnn_n2.qasm,gate_deletion,0.02,2,155,154,228,227,0.435,1,0.8758,87.58,HIGH,SUCCESS
dnn_n2.qasm,gate_substitution,0.02,2,155,155,228,228,0.425,1,0.8787,87.87,HIGH,SUCCESS
dnn_n2.qasm,multiple_gate_insertion,0.02,2,155,156,228,230,0.405,1,0.9761,97.61,HIGH,SUCCESS
dnn_n2.qasm,normal,0.03,2,155,155,228,228,0.395,1,0.8679,86.79,HIGH,SUCCESS
dnn_n2.qasm,gate_insertion,0.03,2,155,156,228,229,0.445,1,0.8721,87.21,HIGH,SUCCESS
dnn_n2.qasm,gate_deletion,0.03,2,155,155,228,227,0.435,1,0.8758,87.58,HIGH,SUCCESS
dnn_n2.qasm,gate_substitution,0.03,2,155,155,228,228,0.355,1,0.7841,78.41,HIGH,SUCCESS
dnn_n2.qasm,multiple_gate_insertion,0.03,2,155,156,228,230,0.39,1,0.9701,97.01,HIGH,SUCCESS
dnn_n2.qasm,normal,0.04,2,155,155,228,228,0.365,1,0.8047,80.47,HIGH,SUCCESS
dnn_n2.qasm,gate_insertion,0.04,2,155,156,228,229,0.285,1,0.9732,97.32,HIGH,SUCCESS
dnn_n2.qasm,gate_deletion,0.04,2,155,153,228,227,0.35,1,0.7898,78.98,HIGH,SUCCESS
dnn_n2.qasm,gate_substitution,0.04,2,155,155,228,228,0.365,1,0.8196,81.96,HIGH,SUCCESS
dnn_n2.qasm,multiple_gate_insertion,0.04,2,155,157,228,230,0.435,1,0.9795,97.95,HIGH,SUCCESS
dnn_n2.qasm,normal,0.05,2,155,155,228,228,0.385,1,0.8047,80.47,HIGH,SUCCESS
dnn_n2.qasm,gate_insertion,0.05,2,155,156,228,229,0.32,1,0.6922,69.22,MEDIUM,SUCCESS
dnn_n2.qasm,gate_deletion,0.05,2,155,155,228,227,0.27,0,0.4694,46.94,MEDIUM,SUCCESS
dnn_n2.qasm,gate_substitution,0.05,2,155,155,228,228,0.415,1,0.9797,97.97,HIGH,SUCCESS
dnn_n2.qasm,multiple_gate_insertion,0.05,2,155,156,228,230,0.3,1,0.9679,96.79,HIGH,SUCCESS
dnn_n8.qasm,normal,0.005,8,173,173,1016,1016,0.715,0,0.3228,32.28,MEDIUM,SUCCESS
dnn_n8.qasm,gate_insertion,0.005,8,173,174,1016,1017,0.72,1,0.9113,91.13,HIGH,SUCCESS
dnn_n8.qasm,gate_deletion,0.005,8,173,173,1016,1015,0.745,0,0.3228,32.28,MEDIUM,SUCCESS
dnn_n8.qasm,gate_substitution,0.005,8,173,173,1016,1016,0.775,0,0.3675,36.75,MEDIUM,SUCCESS
dnn_n8.qasm,multiple_gate_insertion,0.005,8,173,174,1016,1018,0.75,1,0.9947,99.47,HIGH,SUCCESS
dnn_n8.qasm,normal,0.01,8,173,173,1016,1016,0.775,0,0.3228,32.28,MEDIUM,SUCCESS
dnn_n8.qasm,gate_insertion,0.01,8,173,174,1016,1017,0.74,1,0.9849,98.49,HIGH,SUCCESS
dnn_n8.qasm,gate_deletion,0.01,8,173,173,1016,1015,0.765,0,0.3228,32.28,MEDIUM,SUCCESS
dnn_n8.qasm,gate_substitution,0.01,8,173,173,1016,1016,0.77,1,0.7269,72.69,HIGH,SUCCESS
dnn_n8.qasm,multiple_gate_insertion,0.01,8,173,174,1016,1018,0.745,1,0.9871,98.71,HIGH,SUCCESS
dnn_n8.qasm,normal,0.02,8,173,173,1016,1016,0.75,0,0.3228,32.28,MEDIUM,SUCCESS
dnn_n8.qasm,gate_insertion,0.02,8,173,174,1016,1017,0.745,1,0.9849,98.49,HIGH,SUCCESS
dnn_n8.qasm,gate_deletion,0.02,8,173,173,1016,1015,0.755,1,0.8847,88.47,HIGH,SUCCESS
dnn_n8.qasm,gate_substitution,0.02,8,173,173,1016,1016,0.8,1,0.7513,75.13,HIGH,SUCCESS
dnn_n8.qasm,multiple_gate_insertion,0.02,8,173,174,1016,1018,0.805,1,0.9871,98.71,HIGH,SUCCESS
dnn_n8.qasm,normal,0.03,8,173,173,1016,1016,0.775,0,0.3228,32.28,MEDIUM,SUCCESS
dnn_n8.qasm,gate_insertion,0.03,8,173,174,1016,1017,0.79,1,0.9259,92.59,HIGH,SUCCESS
dnn_n8.qasm,gate_deletion,0.03,8,173,173,1016,1015,0.79,1,0.8847,88.47,HIGH,SUCCESS
dnn_n8.qasm,gate_substitution,0.03,8,173,173,1016,1016,0.755,1,0.9799,97.99,HIGH,SUCCESS
dnn_n8.qasm,multiple_gate_insertion,0.03,8,173,174,1016,1018,0.785,1,0.9871,98.71,HIGH,SUCCESS
dnn_n8.qasm,normal,0.04,8,173,173,1016,1016,0.795,0,0.3228,32.28,MEDIUM,SUCCESS
dnn_n8.qasm,gate_insertion,0.04,8,173,174,1016,1017,0.775,1,0.9259,92.59,HIGH,SUCCESS
dnn_n8.qasm,gate_deletion,0.04,8,173,173,1016,1015,0.825,0,0.3228,32.28,MEDIUM,SUCCESS
dnn_n8.qasm,gate_substitution,0.04,8,173,173,1016,1016,0.795,1,0.8944,89.44,HIGH,SUCCESS
dnn_n8.qasm,multiple_gate_insertion,0.04,8,173,174,1016,1018,0.805,1,0.9871,98.71,HIGH,SUCCESS
dnn_n8.qasm,normal,0.05,8,173,173,1016,1016,0.76,0,0.3228,32.28,MEDIUM,SUCCESS
dnn_n8.qasm,gate_insertion,0.05,8,173,174,1016,1017,0.73,1,0.9849,98.49,HIGH,SUCCESS
dnn_n8.qasm,gate_deletion,0.05,8,173,173,1016,1015,0.785,0,0.3228,32.28,MEDIUM,SUCCESS
dnn_n8.qasm,gate_substitution,0.05,8,173,173,1016,1016,0.755,1,0.7269,72.69,HIGH,SUCCESS
dnn_n8.qasm,multiple_gate_insertion,0.05,8,173,175,1016,1018,0.77,1,0.9947,99.47,HIGH,SUCCESS
error_correctiond3_n5.qasm,normal,0.005,5,78,78,119,119,0.3,0,0.362,36.2,MEDIUM,SUCCESS
error_correctiond3_n5.qasm,gate_insertion,0.005,5,78,79,119,120,0.79,1,0.9368,93.68,HIGH,SUCCESS
error_correctiond3_n5.qasm,gate_deletion,0.005,5,78,78,119,118,0.31,0,0.362,36.2,MEDIUM,SUCCESS
error_correctiond3_n5.qasm,gate_substitution,0.005,5,78,78,119,119,0.355,1,0.9507,95.07,HIGH,SUCCESS
error_correctiond3_n5.qasm,multiple_gate_insertion,0.005,5,78,79,119,121,0.575,1,0.9813,98.13,HIGH,SUCCESS
error_correctiond3_n5.qasm,normal,0.01,5,78,78,119,119,0.455,1,0.6685,66.85,MEDIUM,SUCCESS
error_correctiond3_n5.qasm,gate_insertion,0.01,5,78,78,119,120,0.625,1,0.9368,93.68,HIGH,SUCCESS
error_correctiond3_n5.qasm,gate_deletion,0.01,5,78,78,119,118,0.495,1,0.7113,71.13,HIGH,SUCCESS
error_correctiond3_n5.qasm,gate_substitution,0.01,5,78,78,119,119,0.505,1,0.6924,69.24,MEDIUM,SUCCESS
error_correctiond3_n5.qasm,multiple_gate_insertion,0.01,5,78,79,119,121,0.405,1,0.5235,52.35,MEDIUM,SUCCESS
error_correctiond3_n5.qasm,normal,0.02,5,78,78,119,119,0.5,1,0.7113,71.13,HIGH,SUCCESS
error_correctiond3_n5.qasm,gate_insertion,0.02,5,78,78,119,120,0.495,1,0.711,71.1,HIGH,SUCCESS
error_correctiond3_n5.qasm,gate_deletion,0.02,5,78,78,119,118,0.52,1,0.7113,71.13,HIGH,SUCCESS
error_correctiond3_n5.qasm,gate_substitution,0.02,5,78,78,119,119,0.49,1,0.6924,69.24,MEDIUM,SUCCESS
error_correctiond3_n5.qasm,multiple_gate_insertion,0.02,5,78,79,119,121,0.47,1,0.6682,66.82,MEDIUM,SUCCESS
error_correctiond3_n5.qasm,normal,0.03,5,78,78,119,119,0.52,1,0.7113,71.13,HIGH,SUCCESS
error_correctiond3_n5.qasm,gate_insertion,0.03,5,78,78,119,120,0.48,1,0.9306,93.06,HIGH,SUCCESS
error_correctiond3_n5.qasm,gate_deletion,0.03,5,78,78,119,118,0.49,1,0.7113,71.13,HIGH,SUCCESS
error_correctiond3_n5.qasm,gate_substitution,0.03,5,78,78,119,119,0.52,1,0.9796,97.96,HIGH,SUCCESS
error_correctiond3_n5.qasm,multiple_gate_insertion,0.03,5,78,78,119,121,0.49,1,0.9384,93.84,HIGH,SUCCESS
error_correctiond3_n5.qasm,normal,0.04,5,78,78,119,119,0.48,1,0.6685,66.85,MEDIUM,SUCCESS
error_correctiond3_n5.qasm,gate_insertion,0.04,5,78,78,119,120,0.525,1,0.9813,98.13,HIGH,SUCCESS
error_correctiond3_n5.qasm,gate_deletion,0.04,5,78,77,119,118,0.45,1,0.8631,86.31,HIGH,SUCCESS
error_correctiond3_n5.qasm,gate_substitution,0.04,5,78,78,119,119,0.545,1,0.6924,69.24,MEDIUM,SUCCESS
error_correctiond3_n5.qasm,multiple_gate_insertion,0.04,5,78,78,119,121,0.555,1,0.9384,93.84,HIGH,SUCCESS
error_correctiond3_n5.qasm,normal,0.05,5,78,78,119,119,0.545,1,0.7113,71.13,HIGH,SUCCESS
error_correctiond3_n5.qasm,gate_insertion,0.05,5,78,79,119,120,0.53,1,0.711,71.1,HIGH,SUCCESS
error_correctiond3_n5.qasm,gate_deletion,0.05,5,78,78,119,118,0.42,1,0.5238,52.38,MEDIUM,SUCCESS
error_correctiond3_n5.qasm,gate_substitution,0.05,5,78,78,119,119,0.54,1,0.9331,93.31,HIGH,SUCCESS
error_correctiond3_n5.qasm,multiple_gate_insertion,0.05,5,78,78,119,121,0.57,1,0.9813,98.13,HIGH,SUCCESS
fredkin_n3.qasm,normal,0.005,3,12,12,22,22,0.07,0,0.0512,5.12,LOW,SUCCESS
fredkin_n3.qasm,gate_insertion,0.005,3,12,13,22,23,0.575,1,0.9817,98.17,HIGH,SUCCESS
fredkin_n3.qasm,gate_deletion,0.005,3,12,12,22,21,0.245,1,0.5683,56.83,MEDIUM,SUCCESS
fredkin_n3.qasm,gate_substitution,0.005,3,12,12,22,22,0.2,0,0.2584,25.84,LOW,SUCCESS
fredkin_n3.qasm,multiple_gate_insertion,0.005,3,12,14,22,24,0.99,1,0.9933,99.33,HIGH,SUCCESS
fredkin_n3.qasm,normal,0.01,3,12,12,22,22,0.16,0,0.1403,14.03,LOW,SUCCESS
fredkin_n3.qasm,gate_insertion,0.01,3,12,12,22,23,0.595,1,0.9817,98.17,HIGH,SUCCESS
fredkin_n3.qasm,gate_deletion,0.01,3,12,12,22,21,0.6,1,0.9817,98.17,HIGH,SUCCESS
fredkin_n3.qasm,gate_substitution,0.01,3,12,12,22,22,0.13,1,0.9736,97.36,HIGH,SUCCESS
fredkin_n3.qasm,multiple_gate_insertion,0.01,3,12,13,22,24,0.975,1,0.9925,99.25,HIGH,SUCCESS
fredkin_n3.qasm,normal,0.02,3,12,12,22,22,0.285,1,0.5551,55.51,MEDIUM,SUCCESS
fredkin_n3.qasm,gate_insertion,0.02,3,12,12,22,23,0.99,1,0.9817,98.17,HIGH,SUCCESS
fredkin_n3.qasm,gate_deletion,0.02,3,12,12,22,21,0.375,1,0.9257,92.57,HIGH,SUCCESS
fredkin_n3.qasm,gate_substitution,0.02,3,12,12,22,22,0.605,1,0.9817,98.17,HIGH,SUCCESS
fredkin_n3.qasm,multiple_gate_insertion,0.02,3,12,13,22,24,0.775,1,0.9817,98.17,HIGH,SUCCESS
fredkin_n3.qasm,normal,0.03,3,12,12,22,22,0.405,1,0.9531,95.31,HIGH,SUCCESS
fredkin_n3.qasm,gate_insertion,0.03,3,12,12,22,23,0.98,1,0.9817,98.17,HIGH,SUCCESS
fredkin_n3.qasm,gate_deletion,0.03,3,12,12,22,21,0.905,1,0.9817,98.17,HIGH,SUCCESS
fredkin_n3.qasm,gate_substitution,0.03,3,12,12,22,22,0.985,1,0.9925,99.25,HIGH,SUCCESS
fredkin_n3.qasm,multiple_gate_insertion,0.03,3,12,13,22,24,0.935,1,0.9817,98.17,HIGH,SUCCESS
fredkin_n3.qasm,normal,0.04,3,12,12,22,22,0.375,1,0.9257,92.57,HIGH,SUCCESS
fredkin_n3.qasm,gate_insertion,0.04,3,12,13,22,23,0.895,1,0.9925,99.25,HIGH,SUCCESS
fredkin_n3.qasm,gate_deletion,0.04,3,12,12,22,21,0.385,1,0.9287,92.87,HIGH,SUCCESS
fredkin_n3.qasm,gate_substitution,0.04,3,12,12,22,22,0.73,1,0.9817,98.17,HIGH,SUCCESS
fredkin_n3.qasm,multiple_gate_insertion,0.04,3,12,14,22,24,0.875,1,0.9973,99.73,HIGH,SUCCESS
fredkin_n3.qasm,normal,0.05,3,12,12,22,22,0.51,1,0.9817,98.17,HIGH,SUCCESS
fredkin_n3.qasm,gate_insertion,0.05,3,12,13,22,23,0.56,1,0.9933,99.33,HIGH,SUCCESS
fredkin_n3.qasm,gate_deletion,0.05,3,12,12,22,21,0.875,1,0.9817,98.17,HIGH,SUCCESS
fredkin_n3.qasm,gate_substitution,0.05,3,12,12,22,22,0.935,1,0.9817,98.17,HIGH,SUCCESS
fredkin_n3.qasm,multiple_gate_insertion,0.05,3,12,14,22,24,0.665,1,0.9933,99.33,HIGH,SUCCESS
grover_n2.qasm,normal,0.005,2,12,12,18,18,0.03,0,0.0494,4.94,LOW,SUCCESS
grover_n2.qasm,gate_insertion,0.005,2,12,12,18,19,0.52,1,0.9866,98.66,HIGH,SUCCESS
grover_n2.qasm,gate_deletion,0.005,2,12,12,18,17,0.04,0,0.0494,4.94,LOW,SUCCESS
grover_n2.qasm,gate_substitution,0.005,2,12,12,18,18,0.495,1,0.9866,98.66,HIGH,SUCCESS
grover_n2.qasm,multiple_gate_insertion,0.005,2,12,13,18,20,0.04,0,0.3428,34.28,MEDIUM,SUCCESS
grover_n2.qasm,normal,0.01,2,12,12,18,18,0.11,0,0.1019,10.19,LOW,SUCCESS
grover_n2.qasm,gate_insertion,0.01,2,12,13,18,19,0.945,1,0.9945,99.45,HIGH,SUCCESS
grover_n2.qasm,gate_deletion,0.01,2,12,11,18,17,0.56,1,0.9866,98.66,HIGH,SUCCESS
grover_n2.qasm,gate_substitution,0.01,2,12,12,18,18,0.525,1,0.9866,98.66,HIGH,SUCCESS
grover_n2.qasm,multiple_gate_insertion,0.01,2,12,14,18,20,0.085,1,0.9972,99.72,HIGH,SUCCESS
grover_n2.qasm,normal,0.02,2,12,12,18,18,0.2,0,0.4982,49.82,MEDIUM,SUCCESS
grover_n2.qasm,gate_insertion,0.02,2,12,13,18,19,0.245,1,0.9893,98.93,HIGH,SUCCESS
grover_n2.qasm,gate_deletion,0.02,2,12,12,18,17,0.535,1,0.9866,98.66,HIGH,SUCCESS
grover_n2.qasm,gate_substitution,0.02,2,12,12,18,18,0.57,1,0.9946,99.46,HIGH,SUCCESS
grover_n2.qasm,multiple_gate_insertion,0.02,2,12,14,18,20,0.21,1,0.9936,99.36,HIGH,SUCCESS
grover_n2.qasm,normal,0.03,2,12,12,18,18,0.255,1,0.6587,65.87,MEDIUM,SUCCESS
grover_n2.qasm,gate_insertion,0.03,2,12,12,18,19,0.89,1,0.9866,98.66,HIGH,SUCCESS
grover_n2.qasm,gate_deletion,0.03,2,12,11,18,17,0.555,1,0.9866,98.66,HIGH,SUCCESS
grover_n2.qasm,gate_substitution,0.03,2,12,12,18,18,0.565,1,0.9866,98.66,HIGH,SUCCESS
grover_n2.qasm,multiple_gate_insertion,0.03,2,12,13,18,20,0.9,1,0.9966,99.66,HIGH,SUCCESS
grover_n2.qasm,normal,0.04,2,12,12,18,18,0.295,1,0.8817,88.17,HIGH,SUCCESS
grover_n2.qasm,gate_insertion,0.04,2,12,13,18,19,0.335,1,0.9845,98.45,HIGH,SUCCESS
grover_n2.qasm,gate_deletion,0.04,2,12,11,18,17,0.9,1,0.9866,98.66,HIGH,SUCCESS
grover_n2.qasm,gate_substitution,0.04,2,12,12,18,18,0.62,1,0.9866,98.66,HIGH,SUCCESS
grover_n2.qasm,multiple_gate_insertion,0.04,2,12,13,18,20,0.635,1,0.9971,99.71,HIGH,SUCCESS
grover_n2.qasm,normal,0.05,2,12,12,18,18,0.37,1,0.9418,94.18,HIGH,SUCCESS
grover_n2.qasm,gate_insertion,0.05,2,12,13,18,19,0.84,1,0.9945,99.45,HIGH,SUCCESS
grover_n2.qasm,gate_deletion,0.05,2,12,12,18,17,0.595,1,0.9866,98.66,HIGH,SUCCESS
grover_n2.qasm,gate_substitution,0.05,2,12,12,18,18,0.7,1,0.9866,98.66,HIGH,SUCCESS
grover_n2.qasm,multiple_gate_insertion,0.05,2,12,13,18,20,0.925,1,0.9916,99.16,HIGH,SUCCESS
hhl_n10.qasm,normal,0.005,,,,,,,,,,,"FAILED: ""hhl_n10.qasm:186801,8: 'q' is not defined in this scope"""
hhl_n10.qasm,gate_insertion,0.005,,,,,,,,,,,"FAILED: ""hhl_n10.qasm:186801,8: 'q' is not defined in this scope"""
hhl_n10.qasm,gate_deletion,0.005,,,,,,,,,,,"FAILED: ""hhl_n10.qasm:186801,8: 'q' is not defined in this scope"""
hhl_n10.qasm,gate_substitution,0.005,,,,,,,,,,,"FAILED: ""hhl_n10.qasm:186801,8: 'q' is not defined in this scope"""
hhl_n10.qasm,multiple_gate_insertion,0.005,,,,,,,,,,,"FAILED: ""hhl_n10.qasm:186801,8: 'q' is not defined in this scope"""
hhl_n10.qasm,normal,0.01,,,,,,,,,,,"FAILED: ""hhl_n10.qasm:186801,8: 'q' is not defined in this scope"""
hhl_n10.qasm,gate_insertion,0.01,,,,,,,,,,,"FAILED: ""hhl_n10.qasm:186801,8: 'q' is not defined in this scope"""
hhl_n10.qasm,gate_deletion,0.01,,,,,,,,,,,"FAILED: ""hhl_n10.qasm:186801,8: 'q' is not defined in this scope"""
hhl_n10.qasm,gate_substitution,0.01,,,,,,,,,,,"FAILED: ""hhl_n10.qasm:186801,8: 'q' is not defined in this scope"""
hhl_n10.qasm,multiple_gate_insertion,0.01,,,,,,,,,,,"FAILED: ""hhl_n10.qasm:186801,8: 'q' is not defined in this scope"""
hhl_n10.qasm,normal,0.02,,,,,,,,,,,"FAILED: ""hhl_n10.qasm:186801,8: 'q' is not defined in this scope"""
hhl_n10.qasm,gate_insertion,0.02,,,,,,,,,,,"FAILED: ""hhl_n10.qasm:186801,8: 'q' is not defined in this scope"""
hhl_n10.qasm,gate_deletion,0.02,,,,,,,,,,,"FAILED: ""hhl_n10.qasm:186801,8: 'q' is not defined in this scope"""
hhl_n10.qasm,gate_substitution,0.02,,,,,,,,,,,"FAILED: ""hhl_n10.qasm:186801,8: 'q' is not defined in this scope"""
hhl_n10.qasm,multiple_gate_insertion,0.02,,,,,,,,,,,"FAILED: ""hhl_n10.qasm:186801,8: 'q' is not defined in this scope"""
hhl_n10.qasm,normal,0.03,,,,,,,,,,,"FAILED: ""hhl_n10.qasm:186801,8: 'q' is not defined in this scope"""
hhl_n10.qasm,gate_insertion,0.03,,,,,,,,,,,"FAILED: ""hhl_n10.qasm:186801,8: 'q' is not defined in this scope"""
hhl_n10.qasm,gate_deletion,0.03,,,,,,,,,,,"FAILED: ""hhl_n10.qasm:186801,8: 'q' is not defined in this scope"""
hhl_n10.qasm,gate_substitution,0.03,,,,,,,,,,,"FAILED: ""hhl_n10.qasm:186801,8: 'q' is not defined in this scope"""
hhl_n10.qasm,multiple_gate_insertion,0.03,,,,,,,,,,,"FAILED: ""hhl_n10.qasm:186801,8: 'q' is not defined in this scope"""
hhl_n10.qasm,normal,0.04,,,,,,,,,,,"FAILED: ""hhl_n10.qasm:186801,8: 'q' is not defined in this scope"""
hhl_n10.qasm,gate_insertion,0.04,,,,,,,,,,,"FAILED: ""hhl_n10.qasm:186801,8: 'q' is not defined in this scope"""
hhl_n10.qasm,gate_deletion,0.04,,,,,,,,,,,"FAILED: ""hhl_n10.qasm:186801,8: 'q' is not defined in this scope"""
hhl_n10.qasm,gate_substitution,0.04,,,,,,,,,,,"FAILED: ""hhl_n10.qasm:186801,8: 'q' is not defined in this scope"""
hhl_n10.qasm,multiple_gate_insertion,0.04,,,,,,,,,,,"FAILED: ""hhl_n10.qasm:186801,8: 'q' is not defined in this scope"""
hhl_n10.qasm,normal,0.05,,,,,,,,,,,"FAILED: ""hhl_n10.qasm:186801,8: 'q' is not defined in this scope"""
hhl_n10.qasm,gate_insertion,0.05,,,,,,,,,,,"FAILED: ""hhl_n10.qasm:186801,8: 'q' is not defined in this scope"""
hhl_n10.qasm,gate_deletion,0.05,,,,,,,,,,,"FAILED: ""hhl_n10.qasm:186801,8: 'q' is not defined in this scope"""
hhl_n10.qasm,gate_substitution,0.05,,,,,,,,,,,"FAILED: ""hhl_n10.qasm:186801,8: 'q' is not defined in this scope"""
hhl_n10.qasm,multiple_gate_insertion,0.05,,,,,,,,,,,"FAILED: ""hhl_n10.qasm:186801,8: 'q' is not defined in this scope"""
hhl_n7.qasm,normal,0.005,7,551,551,697,697,0.87,0,0.3345,33.45,MEDIUM,SUCCESS
hhl_n7.qasm,gate_insertion,0.005,7,551,552,697,698,0.88,1,0.9564,95.64,HIGH,SUCCESS
hhl_n7.qasm,gate_deletion,0.005,7,551,550,697,696,0.905,1,0.7184,71.84,HIGH,SUCCESS
hhl_n7.qasm,gate_substitution,0.005,7,551,551,697,697,0.93,1,0.6301,63.01,MEDIUM,SUCCESS
hhl_n7.qasm,multiple_gate_insertion,0.005,7,551,552,697,699,0.96,1,0.9867,98.67,HIGH,SUCCESS
hhl_n7.qasm,normal,0.01,7,551,551,697,697,0.945,0,0.3345,33.45,MEDIUM,SUCCESS
hhl_n7.qasm,gate_insertion,0.01,7,551,552,697,698,0.965,1,0.9637,96.37,HIGH,SUCCESS
hhl_n7.qasm,gate_deletion,0.01,7,551,550,697,696,0.92,1,0.7184,71.84,HIGH,SUCCESS
hhl_n7.qasm,gate_substitution,0.01,7,551,551,697,697,0.955,1,0.6301,63.01,MEDIUM,SUCCESS
hhl_n7.qasm,multiple_gate_insertion,0.01,7,551,552,697,699,0.95,1,0.7788,77.88,HIGH,SUCCESS
hhl_n7.qasm,normal,0.02,7,551,551,697,697,0.96,0,0.3345,33.45,MEDIUM,SUCCESS
hhl_n7.qasm,gate_insertion,0.02,7,551,552,697,698,0.965,1,0.9637,96.37,HIGH,SUCCESS
hhl_n7.qasm,gate_deletion,0.02,7,551,550,697,696,0.97,1,0.9088,90.88,HIGH,SUCCESS
hhl_n7.qasm,gate_substitution,0.02,7,551,551,697,697,0.96,1,0.7572,75.72,HIGH,SUCCESS
hhl_n7.qasm,multiple_gate_insertion,0.02,7,551,552,697,699,0.96,1,0.9636,96.36,HIGH,SUCCESS
hhl_n7.qasm,normal,0.03,7,551,551,697,697,0.97,0,0.3345,33.45,MEDIUM,SUCCESS
hhl_n7.qasm,gate_insertion,0.03,7,551,552,697,698,0.955,1,0.9562,95.62,HIGH,SUCCESS
hhl_n7.qasm,gate_deletion,0.03,7,551,550,697,696,0.985,1,0.9088,90.88,HIGH,SUCCESS
hhl_n7.qasm,gate_substitution,0.03,7,551,551,697,697,0.965,1,0.952,95.2,HIGH,SUCCESS
hhl_n7.qasm,multiple_gate_insertion,0.03,7,551,552,697,699,0.96,1,0.9562,95.62,HIGH,SUCCESS
hhl_n7.qasm,normal,0.04,7,551,551,697,697,0.965,0,0.3345,33.45,MEDIUM,SUCCESS
hhl_n7.qasm,gate_insertion,0.04,7,551,552,697,698,0.95,1,0.9562,95.62,HIGH,SUCCESS
hhl_n7.qasm,gate_deletion,0.04,7,551,550,697,696,0.98,1,0.9088,90.88,HIGH,SUCCESS
hhl_n7.qasm,gate_substitution,0.04,7,551,551,697,697,0.98,1,0.6301,63.01,MEDIUM,SUCCESS
hhl_n7.qasm,multiple_gate_insertion,0.04,7,551,552,697,699,0.98,1,0.9939,99.39,HIGH,SUCCESS
hhl_n7.qasm,normal,0.05,7,551,551,697,697,0.99,0,0.3345,33.45,MEDIUM,SUCCESS
hhl_n7.qasm,gate_insertion,0.05,7,551,552,697,698,0.985,1,0.9227,92.27,HIGH,SUCCESS
hhl_n7.qasm,gate_deletion,0.05,7,551,550,697,696,0.975,1,0.7184,71.84,HIGH,SUCCESS
hhl_n7.qasm,gate_substitution,0.05,7,551,551,697,697,0.98,1,0.6301,63.01,MEDIUM,SUCCESS
hhl_n7.qasm,multiple_gate_insertion,0.05,7,551,552,697,699,0.985,1,0.9227,92.27,HIGH,SUCCESS
hs4_n4.qasm,normal,0.005,4,10,10,32,32,0.11,0,0.0515,5.15,LOW,SUCCESS
hs4_n4.qasm,gate_insertion,0.005,4,10,10,32,33,0.98,1,0.9486,94.86,HIGH,SUCCESS
hs4_n4.qasm,gate_deletion,0.005,4,10,10,32,31,0.79,1,0.9486,94.86,HIGH,SUCCESS
hs4_n4.qasm,gate_substitution,0.005,4,10,10,32,32,0.995,1,0.9904,99.04,HIGH,SUCCESS
hs4_n4.qasm,multiple_gate_insertion,0.005,4,10,11,32,34,0.995,1,0.9486,94.86,HIGH,SUCCESS
hs4_n4.qasm,normal,0.01,4,10,10,32,32,0.18,0,0.1213,12.13,LOW,SUCCESS
hs4_n4.qasm,gate_insertion,0.01,4,10,11,32,33,0.18,1,0.9718,97.18,HIGH,SUCCESS
hs4_n4.qasm,gate_deletion,0.01,4,10,10,32,31,0.93,1,0.9661,96.61,HIGH,SUCCESS
hs4_n4.qasm,gate_substitution,0.01,4,10,10,32,32,0.615,1,0.9661,96.61,HIGH,SUCCESS
hs4_n4.qasm,multiple_gate_insertion,0.01,4,10,10,32,34,1.0,1,0.9785,97.85,HIGH,SUCCESS
hs4_n4.qasm,normal,0.02,4,10,10,32,32,0.35,1,0.7373,73.73,HIGH,SUCCESS
hs4_n4.qasm,gate_insertion,0.02,4,10,10,32,33,0.33,1,0.9677,96.77,HIGH,SUCCESS
hs4_n4.qasm,gate_deletion,0.02,4,10,10,32,31,0.945,1,0.9486,94.86,HIGH,SUCCESS
hs4_n4.qasm,gate_substitution,0.02,4,10,10,32,32,0.94,1,0.986,98.6,HIGH,SUCCESS
hs4_n4.qasm,multiple_gate_insertion,0.02,4,10,11,32,34,0.995,1,0.9785,97.85,HIGH,SUCCESS
hs4_n4.qasm,normal,0.03,4,10,10,32,32,0.435,1,0.8943,89.43,HIGH,SUCCESS
hs4_n4.qasm,gate_insertion,0.03,4,10,10,32,33,0.68,1,0.9486,94.86,HIGH,SUCCESS
hs4_n4.qasm,gate_deletion,0.03,4,10,10,32,31,0.935,1,0.9661,96.61,HIGH,SUCCESS
hs4_n4.qasm,gate_substitution,0.03,4,10,10,32,32,0.63,1,0.986,98.6,HIGH,SUCCESS
hs4_n4.qasm,multiple_gate_insertion,0.03,4,10,11,32,34,0.935,1,0.9961,99.61,HIGH,SUCCESS
hs4_n4.qasm,normal,0.04,4,10,10,32,32,0.525,1,0.9486,94.86,HIGH,SUCCESS
hs4_n4.qasm,gate_insertion,0.04,4,10,10,32,33,0.605,1,0.9904,99.04,HIGH,SUCCESS
hs4_n4.qasm,gate_deletion,0.04,4,10,10,32,31,0.76,1,0.9661,96.61,HIGH,SUCCESS
hs4_n4.qasm,gate_substitution,0.04,4,10,10,32,32,0.73,1,0.9661,96.61,HIGH,SUCCESS
hs4_n4.qasm,multiple_gate_insertion,0.04,4,10,12,32,34,0.77,1,0.9904,99.04,HIGH,SUCCESS
hs4_n4.qasm,normal,0.05,4,10,10,32,32,0.58,1,0.9486,94.86,HIGH,SUCCESS
hs4_n4.qasm,gate_insertion,0.05,4,10,11,32,33,0.915,1,0.9486,94.86,HIGH,SUCCESS
hs4_n4.qasm,gate_deletion,0.05,4,10,10,32,31,0.91,1,0.9661,96.61,HIGH,SUCCESS
hs4_n4.qasm,gate_substitution,0.05,4,10,10,32,32,0.74,1,0.9661,96.61,HIGH,SUCCESS
hs4_n4.qasm,multiple_gate_insertion,0.05,4,10,11,32,34,0.95,1,0.9785,97.85,HIGH,SUCCESS
inverseqft_n4.qasm,normal,0.005,4,12,12,19,19,0.035,0,0.0355,3.55,LOW,SUCCESS
inverseqft_n4.qasm,gate_insertion,0.005,,,,,,,,,,,"FAILED: <Clbit register=(1, ""c0""), index=0>"
inverseqft_n4.qasm,gate_deletion,0.005,,,,,,,,,,,"FAILED: <Clbit register=(1, ""c0""), index=0>"
inverseqft_n4.qasm,gate_substitution,0.005,,,,,,,,,,,"FAILED: <Clbit register=(1, ""c0""), index=0>"
inverseqft_n4.qasm,multiple_gate_insertion,0.005,,,,,,,,,,,"FAILED: <Clbit register=(1, ""c0""), index=0>"
inverseqft_n4.qasm,normal,0.01,4,12,12,19,19,0.03,0,0.0355,3.55,LOW,SUCCESS
inverseqft_n4.qasm,gate_insertion,0.01,,,,,,,,,,,"FAILED: <Clbit register=(1, ""c0""), index=0>"
inverseqft_n4.qasm,gate_deletion,0.01,,,,,,,,,,,"FAILED: <Clbit register=(1, ""c0""), index=0>"
inverseqft_n4.qasm,gate_substitution,0.01,,,,,,,,,,,"FAILED: <Clbit register=(1, ""c0""), index=0>"
inverseqft_n4.qasm,multiple_gate_insertion,0.01,,,,,,,,,,,"FAILED: <Clbit register=(1, ""c0""), index=0>"
inverseqft_n4.qasm,normal,0.02,4,12,12,19,19,0.055,0,0.0355,3.55,LOW,SUCCESS
inverseqft_n4.qasm,gate_insertion,0.02,,,,,,,,,,,"FAILED: <Clbit register=(1, ""c0""), index=0>"
inverseqft_n4.qasm,gate_deletion,0.02,,,,,,,,,,,"FAILED: <Clbit register=(1, ""c0""), index=0>"
inverseqft_n4.qasm,gate_substitution,0.02,,,,,,,,,,,"FAILED: <Clbit register=(1, ""c0""), index=0>"
inverseqft_n4.qasm,multiple_gate_insertion,0.02,,,,,,,,,,,"FAILED: <Clbit register=(1, ""c0""), index=0>"
inverseqft_n4.qasm,normal,0.03,4,12,12,19,19,0.135,0,0.2015,20.15,LOW,SUCCESS
inverseqft_n4.qasm,gate_insertion,0.03,,,,,,,,,,,"FAILED: <Clbit register=(1, ""c0""), index=0>"
inverseqft_n4.qasm,gate_deletion,0.03,,,,,,,,,,,"FAILED: <Clbit register=(1, ""c0""), index=0>"
inverseqft_n4.qasm,gate_substitution,0.03,,,,,,,,,,,"FAILED: <Clbit register=(1, ""c0""), index=0>"
inverseqft_n4.qasm,multiple_gate_insertion,0.03,,,,,,,,,,,"FAILED: <Clbit register=(1, ""c0""), index=0>"
inverseqft_n4.qasm,normal,0.04,4,12,12,19,19,0.22,1,0.6026,60.26,MEDIUM,SUCCESS
inverseqft_n4.qasm,gate_insertion,0.04,,,,,,,,,,,"FAILED: <Clbit register=(1, ""c0""), index=0>"
inverseqft_n4.qasm,gate_deletion,0.04,,,,,,,,,,,"FAILED: <Clbit register=(1, ""c0""), index=0>"
inverseqft_n4.qasm,gate_substitution,0.04,,,,,,,,,,,"FAILED: <Clbit register=(1, ""c0""), index=0>"
inverseqft_n4.qasm,multiple_gate_insertion,0.04,,,,,,,,,,,"FAILED: <Clbit register=(1, ""c0""), index=0>"
inverseqft_n4.qasm,normal,0.05,4,12,12,19,19,0.195,0,0.3427,34.27,MEDIUM,SUCCESS
inverseqft_n4.qasm,gate_insertion,0.05,,,,,,,,,,,"FAILED: <Clbit register=(1, ""c0""), index=0>"
inverseqft_n4.qasm,gate_deletion,0.05,,,,,,,,,,,"FAILED: <Clbit register=(1, ""c0""), index=0>"
inverseqft_n4.qasm,gate_substitution,0.05,,,,,,,,,,,"FAILED: <Clbit register=(1, ""c0""), index=0>"
inverseqft_n4.qasm,multiple_gate_insertion,0.05,,,,,,,,,,,"FAILED: <Clbit register=(1, ""c0""), index=0>"
ipea_n2.qasm,normal,0.005,,,,,,,,,,,FAILED: 'unknown instruction: ctu'
ipea_n2.qasm,gate_insertion,0.005,,,,,,,,,,,FAILED: 'unknown instruction: ctu'
ipea_n2.qasm,gate_deletion,0.005,,,,,,,,,,,FAILED: 'unknown instruction: ctu'
ipea_n2.qasm,gate_substitution,0.005,,,,,,,,,,,FAILED: 'unknown instruction: ctu'
ipea_n2.qasm,multiple_gate_insertion,0.005,,,,,,,,,,,FAILED: 'unknown instruction: ctu'
ipea_n2.qasm,normal,0.01,,,,,,,,,,,FAILED: 'unknown instruction: ctu'
ipea_n2.qasm,gate_insertion,0.01,,,,,,,,,,,FAILED: 'unknown instruction: ctu'
ipea_n2.qasm,gate_deletion,0.01,,,,,,,,,,,FAILED: 'unknown instruction: ctu'
ipea_n2.qasm,gate_substitution,0.01,,,,,,,,,,,FAILED: 'unknown instruction: ctu'
ipea_n2.qasm,multiple_gate_insertion,0.01,,,,,,,,,,,FAILED: 'unknown instruction: ctu'
ipea_n2.qasm,normal,0.02,,,,,,,,,,,FAILED: 'unknown instruction: ctu'
ipea_n2.qasm,gate_insertion,0.02,,,,,,,,,,,FAILED: 'unknown instruction: ctu'
ipea_n2.qasm,gate_deletion,0.02,,,,,,,,,,,FAILED: 'unknown instruction: ctu'
ipea_n2.qasm,gate_substitution,0.02,,,,,,,,,,,FAILED: 'unknown instruction: ctu'
ipea_n2.qasm,multiple_gate_insertion,0.02,,,,,,,,,,,FAILED: 'unknown instruction: ctu'
ipea_n2.qasm,normal,0.03,,,,,,,,,,,FAILED: 'unknown instruction: ctu'
ipea_n2.qasm,gate_insertion,0.03,,,,,,,,,,,FAILED: 'unknown instruction: ctu'
ipea_n2.qasm,gate_deletion,0.03,,,,,,,,,,,FAILED: 'unknown instruction: ctu'
ipea_n2.qasm,gate_substitution,0.03,,,,,,,,,,,FAILED: 'unknown instruction: ctu'
ipea_n2.qasm,multiple_gate_insertion,0.03,,,,,,,,,,,FAILED: 'unknown instruction: ctu'
ipea_n2.qasm,normal,0.04,,,,,,,,,,,FAILED: 'unknown instruction: ctu'
ipea_n2.qasm,gate_insertion,0.04,,,,,,,,,,,FAILED: 'unknown instruction: ctu'
ipea_n2.qasm,gate_deletion,0.04,,,,,,,,,,,FAILED: 'unknown instruction: ctu'
ipea_n2.qasm,gate_substitution,0.04,,,,,,,,,,,FAILED: 'unknown instruction: ctu'
ipea_n2.qasm,multiple_gate_insertion,0.04,,,,,,,,,,,FAILED: 'unknown instruction: ctu'
ipea_n2.qasm,normal,0.05,,,,,,,,,,,FAILED: 'unknown instruction: ctu'
ipea_n2.qasm,gate_insertion,0.05,,,,,,,,,,,FAILED: 'unknown instruction: ctu'
ipea_n2.qasm,gate_deletion,0.05,,,,,,,,,,,FAILED: 'unknown instruction: ctu'
ipea_n2.qasm,gate_substitution,0.05,,,,,,,,,,,FAILED: 'unknown instruction: ctu'
ipea_n2.qasm,multiple_gate_insertion,0.05,,,,,,,,,,,FAILED: 'unknown instruction: ctu'
ising_n10.qasm,normal,0.005,10,71,71,490,490,0.73,0,0.4023,40.23,MEDIUM,SUCCESS
ising_n10.qasm,gate_insertion,0.005,10,71,72,490,491,0.81,1,0.8956,89.56,HIGH,SUCCESS
ising_n10.qasm,gate_deletion,0.005,10,71,71,490,489,0.77,1,0.6788,67.88,MEDIUM,SUCCESS
ising_n10.qasm,gate_substitution,0.005,10,71,71,490,490,0.75,1,0.9408,94.08,HIGH,SUCCESS
ising_n10.qasm,multiple_gate_insertion,0.005,10,71,71,490,492,0.735,1,0.8956,89.56,HIGH,SUCCESS
ising_n10.qasm,normal,0.01,10,71,71,490,490,0.805,0,0.4023,40.23,MEDIUM,SUCCESS
ising_n10.qasm,gate_insertion,0.01,10,71,71,490,491,0.83,1,0.6174,61.74,MEDIUM,SUCCESS
ising_n10.qasm,gate_deletion,0.01,10,71,71,490,489,0.825,1,0.6265,62.65,MEDIUM,SUCCESS
ising_n10.qasm,gate_substitution,0.01,10,71,71,490,490,0.87,1,0.8534,85.34,HIGH,SUCCESS
ising_n10.qasm,multiple_gate_insertion,0.01,10,71,72,490,492,0.8,1,0.9884,98.84,HIGH,SUCCESS
ising_n10.qasm,normal,0.02,10,71,71,490,490,0.86,0,0.4023,40.23,MEDIUM,SUCCESS
ising_n10.qasm,gate_insertion,0.02,10,71,71,490,491,0.82,1,0.9235,92.35,HIGH,SUCCESS
ising_n10.qasm,gate_deletion,0.02,10,71,71,490,489,0.91,1,0.6788,67.88,MEDIUM,SUCCESS
ising_n10.qasm,gate_substitution,0.02,10,71,71,490,490,0.86,1,0.9402,94.02,HIGH,SUCCESS
ising_n10.qasm,multiple_gate_insertion,0.02,10,71,71,490,492,0.885,1,0.9013,90.13,HIGH,SUCCESS
ising_n10.qasm,normal,0.03,10,71,71,490,490,0.88,0,0.4023,40.23,MEDIUM,SUCCESS
ising_n10.qasm,gate_insertion,0.03,10,71,71,490,491,0.915,1,0.8957,89.57,HIGH,SUCCESS
ising_n10.qasm,gate_deletion,0.03,10,71,71,490,489,0.88,1,0.8772,87.72,HIGH,SUCCESS
ising_n10.qasm,gate_substitution,0.03,10,71,71,490,490,0.88,1,0.8606,86.06,HIGH,SUCCESS
ising_n10.qasm,multiple_gate_insertion,0.03,10,71,73,490,492,0.88,1,0.9778,97.78,HIGH,SUCCESS
ising_n10.qasm,normal,0.04,10,71,71,490,490,0.845,0,0.4023,40.23,MEDIUM,SUCCESS
ising_n10.qasm,gate_insertion,0.04,10,71,72,490,491,0.885,1,0.9235,92.35,HIGH,SUCCESS
ising_n10.qasm,gate_deletion,0.04,10,71,71,490,489,0.875,1,0.6788,67.88,MEDIUM,SUCCESS
ising_n10.qasm,gate_substitution,0.04,10,71,71,490,490,0.9,1,0.7529,75.29,HIGH,SUCCESS
ising_n10.qasm,multiple_gate_insertion,0.04,10,71,72,490,492,0.89,1,0.8957,89.57,HIGH,SUCCESS
ising_n10.qasm,normal,0.05,10,71,71,490,490,0.895,0,0.4023,40.23,MEDIUM,SUCCESS
ising_n10.qasm,gate_insertion,0.05,10,71,71,490,491,0.905,1,0.8938,89.38,HIGH,SUCCESS
ising_n10.qasm,gate_deletion,0.05,10,71,71,490,489,0.9,1,0.8772,87.72,HIGH,SUCCESS
ising_n10.qasm,gate_substitution,0.05,10,71,71,490,490,0.93,1,0.9408,94.08,HIGH,SUCCESS
ising_n10.qasm,multiple_gate_insertion,0.05,10,71,72,490,492,0.86,1,0.9013,90.13,HIGH,SUCCESS
iswap_n2.qasm,normal,0.005,2,8,8,11,11,0.03,0,0.0515,5.15,LOW,SUCCESS
iswap_n2.qasm,gate_insertion,0.005,2,8,8,11,12,0.98,1,0.9882,98.82,HIGH,SUCCESS
iswap_n2.qasm,gate_deletion,0.005,2,8,7,11,10,0.03,0,0.0515,5.15,LOW,SUCCESS
iswap_n2.qasm,gate_substitution,0.005,2,8,8,11,11,0.995,1,0.9955,99.55,HIGH,SUCCESS
iswap_n2.qasm,multiple_gate_insertion,0.005,2,8,9,11,13,0.025,1,0.945,94.5,HIGH,SUCCESS
iswap_n2.qasm,normal,0.01,2,8,8,11,11,0.04,0,0.0515,5.15,LOW,SUCCESS
iswap_n2.qasm,gate_insertion,0.01,2,8,8,11,12,0.54,1,0.9882,98.82,HIGH,SUCCESS
iswap_n2.qasm,gate_deletion,0.01,2,8,7,11,10,0.03,0,0.0515,5.15,LOW,SUCCESS
iswap_n2.qasm,gate_substitution,0.01,2,8,8,11,11,0.555,1,0.9876,98.76,HIGH,SUCCESS
iswap_n2.qasm,multiple_gate_insertion,0.01,2,8,9,11,13,0.96,1,0.9983,99.83,HIGH,SUCCESS
iswap_n2.qasm,normal,0.02,2,8,8,11,11,0.135,0,0.2712,27.12,LOW,SUCCESS
iswap_n2.qasm,gate_insertion,0.02,2,8,9,11,12,0.97,1,0.9882,98.82,HIGH,SUCCESS
iswap_n2.qasm,gate_deletion,0.02,2,8,7,11,10,0.535,1,0.9882,98.82,HIGH,SUCCESS
iswap_n2.qasm,gate_substitution,0.02,2,8,8,11,11,0.575,1,0.9957,99.57,HIGH,SUCCESS
iswap_n2.qasm,multiple_gate_insertion,0.02,2,8,9,11,13,0.56,1,0.9957,99.57,HIGH,SUCCESS
iswap_n2.qasm,normal,0.03,2,8,8,11,11,0.19,0,0.4522,45.22,MEDIUM,SUCCESS
iswap_n2.qasm,gate_insertion,0.03,2,8,9,11,12,0.21,1,0.9935,99.35,HIGH,SUCCESS
iswap_n2.qasm,gate_deletion,0.03,2,8,8,11,10,0.17,0,0.4414,44.14,MEDIUM,SUCCESS
iswap_n2.qasm,gate_substitution,0.03,2,8,8,11,11,0.535,1,0.9882,98.82,HIGH,SUCCESS
iswap_n2.qasm,multiple_gate_insertion,0.03,2,8,10,11,13,0.185,1,0.9903,99.03,HIGH,SUCCESS
iswap_n2.qasm,normal,0.04,2,8,8,11,11,0.185,0,0.4522,45.22,MEDIUM,SUCCESS
iswap_n2.qasm,gate_insertion,0.04,2,8,9,11,12,0.905,1,0.9882,98.82,HIGH,SUCCESS
iswap_n2.qasm,gate_deletion,0.04,2,8,8,11,10,0.94,1,0.9882,98.82,HIGH,SUCCESS
iswap_n2.qasm,gate_substitution,0.04,2,8,8,11,11,0.61,1,0.9882,98.82,HIGH,SUCCESS
iswap_n2.qasm,multiple_gate_insertion,0.04,2,8,9,11,13,0.95,1,0.9952,99.52,HIGH,SUCCESS
iswap_n2.qasm,normal,0.05,2,8,8,11,11,0.245,1,0.706,70.6,HIGH,SUCCESS
iswap_n2.qasm,gate_insertion,0.05,2,8,8,11,12,0.89,1,0.9882,98.82,HIGH,SUCCESS
iswap_n2.qasm,gate_deletion,0.05,2,8,7,11,10,0.795,1,0.9882,98.82,HIGH,SUCCESS
iswap_n2.qasm,gate_substitution,0.05,2,8,8,11,11,0.585,1,0.9957,99.57,HIGH,SUCCESS
iswap_n2.qasm,multiple_gate_insertion,0.05,2,8,9,11,13,0.32,1,0.9872,98.72,HIGH,SUCCESS
linearsolver_n3.qasm,normal,0.005,3,12,12,22,22,0.105,0,0.0831,8.31,LOW,SUCCESS
linearsolver_n3.qasm,gate_insertion,0.005,3,12,12,22,23,0.955,1,0.9813,98.13,HIGH,SUCCESS
linearsolver_n3.qasm,gate_deletion,0.005,3,12,12,22,21,0.74,1,0.9813,98.13,HIGH,SUCCESS
linearsolver_n3.qasm,gate_substitution,0.005,3,12,12,22,22,0.83,1,0.9813,98.13,HIGH,SUCCESS
linearsolver_n3.qasm,multiple_gate_insertion,0.005,3,12,13,22,24,0.955,1,0.9973,99.73,HIGH,SUCCESS
linearsolver_n3.qasm,normal,0.01,3,12,12,22,22,0.135,0,0.1196,11.96,LOW,SUCCESS
linearsolver_n3.qasm,gate_insertion,0.01,3,12,13,22,23,0.505,1,0.9813,98.13,HIGH,SUCCESS
linearsolver_n3.qasm,gate_deletion,0.01,3,12,12,22,21,0.875,1,0.9813,98.13,HIGH,SUCCESS
linearsolver_n3.qasm,gate_substitution,0.01,3,12,12,22,22,0.555,1,0.9934,99.34,HIGH,SUCCESS
linearsolver_n3.qasm,multiple_gate_insertion,0.01,3,12,13,22,24,0.125,1,0.9741,97.41,HIGH,SUCCESS
linearsolver_n3.qasm,normal,0.02,3,12,12,22,22,0.19,0,0.2136,21.36,LOW,SUCCESS
linearsolver_n3.qasm,gate_insertion,0.02,3,12,12,22,23,0.88,1,0.9923,99.23,HIGH,SUCCESS
linearsolver_n3.qasm,gate_deletion,0.02,3,12,11,22,21,0.87,1,0.9813,98.13,HIGH,SUCCESS
linearsolver_n3.qasm,gate_substitution,0.02,3,12,12,22,22,0.78,1,0.9923,99.23,HIGH,SUCCESS
linearsolver_n3.qasm,multiple_gate_insertion,0.02,3,12,12,22,24,0.88,1,0.9934,99.34,HIGH,SUCCESS
linearsolver_n3.qasm,normal,0.03,3,12,12,22,22,0.34,1,0.82,82.0,HIGH,SUCCESS
linearsolver_n3.qasm,gate_insertion,0.03,3,12,13,22,23,0.73,1,0.9813,98.13,HIGH,SUCCESS
linearsolver_n3.qasm,gate_deletion,0.03,3,12,12,22,21,0.63,1,0.9813,98.13,HIGH,SUCCESS
linearsolver_n3.qasm,gate_substitution,0.03,3,12,12,22,22,0.56,1,0.9934,99.34,HIGH,SUCCESS
linearsolver_n3.qasm,multiple_gate_insertion,0.03,3,12,13,22,24,0.755,1,0.9934,99.34,HIGH,SUCCESS
linearsolver_n3.qasm,normal,0.04,3,12,12,22,22,0.335,1,0.82,82.0,HIGH,SUCCESS
linearsolver_n3.qasm,gate_insertion,0.04,3,12,13,22,23,0.515,1,0.9813,98.13,HIGH,SUCCESS
linearsolver_n3.qasm,gate_deletion,0.04,3,12,11,22,21,0.735,1,0.9813,98.13,HIGH,SUCCESS
linearsolver_n3.qasm,gate_substitution,0.04,3,12,12,22,22,0.43,1,0.9583,95.83,HIGH,SUCCESS
linearsolver_n3.qasm,multiple_gate_insertion,0.04,3,12,13,22,24,0.69,1,0.9973,99.73,HIGH,SUCCESS
linearsolver_n3.qasm,normal,0.05,3,12,12,22,22,0.32,1,0.82,82.0,HIGH,SUCCESS
linearsolver_n3.qasm,gate_insertion,0.05,3,12,12,22,23,0.44,1,0.9875,98.75,HIGH,SUCCESS
linearsolver_n3.qasm,gate_deletion,0.05,3,12,11,22,21,0.765,1,0.9813,98.13,HIGH,SUCCESS
linearsolver_n3.qasm,gate_substitution,0.05,3,12,12,22,22,0.715,1,0.9923,99.23,HIGH,SUCCESS
linearsolver_n3.qasm,multiple_gate_insertion,0.05,3,12,13,22,24,0.775,1,0.9923,99.23,HIGH,SUCCESS
lpn_n5.qasm,normal,0.005,5,5,5,16,16,0.045,0,0.0412,4.12,LOW,SUCCESS
lpn_n5.qasm,gate_insertion,0.005,5,5,5,16,17,1.0,1,0.9944,99.44,HIGH,SUCCESS
lpn_n5.qasm,gate_deletion,0.005,5,5,5,16,15,0.485,1,0.9877,98.77,HIGH,SUCCESS
lpn_n5.qasm,gate_substitution,0.005,5,5,5,16,16,0.505,1,0.9956,99.56,HIGH,SUCCESS
lpn_n5.qasm,multiple_gate_insertion,0.005,5,5,5,16,18,0.065,0,0.0412,4.12,LOW,SUCCESS
lpn_n5.qasm,normal,0.01,5,5,5,16,16,0.055,0,0.0412,4.12,LOW,SUCCESS
lpn_n5.qasm,gate_insertion,0.01,5,5,5,16,17,0.535,1,0.9864,98.64,HIGH,SUCCESS
lpn_n5.qasm,gate_deletion,0.01,5,5,5,16,15,0.525,1,0.9877,98.77,HIGH,SUCCESS
lpn_n5.qasm,gate_substitution,0.01,5,5,5,16,16,0.54,1,0.9956,99.56,HIGH,SUCCESS
lpn_n5.qasm,multiple_gate_insertion,0.01,5,5,5,16,18,0.995,1,0.9953,99.53,HIGH,SUCCESS
lpn_n5.qasm,normal,0.02,5,5,5,16,16,0.145,0,0.2278,22.78,LOW,SUCCESS
lpn_n5.qasm,gate_insertion,0.02,5,5,6,16,17,0.155,1,0.989,98.9,HIGH,SUCCESS
lpn_n5.qasm,gate_deletion,0.02,5,5,5,16,15,0.555,1,0.9877,98.77,HIGH,SUCCESS
lpn_n5.qasm,gate_substitution,0.02,5,5,5,16,16,0.505,1,0.9951,99.51,HIGH,SUCCESS
lpn_n5.qasm,multiple_gate_insertion,0.02,5,5,6,16,18,0.99,1,0.9944,99.44,HIGH,SUCCESS
lpn_n5.qasm,normal,0.03,5,5,5,16,16,0.155,0,0.2278,22.78,LOW,SUCCESS
lpn_n5.qasm,gate_insertion,0.03,5,5,6,16,17,0.96,1,0.9866,98.66,HIGH,SUCCESS
lpn_n5.qasm,gate_deletion,0.03,5,5,5,16,15,0.63,1,0.9877,98.77,HIGH,SUCCESS
lpn_n5.qasm,gate_substitution,0.03,5,5,5,16,16,0.58,1,0.9879,98.79,HIGH,SUCCESS
lpn_n5.qasm,multiple_gate_insertion,0.03,5,5,6,16,18,0.6,1,0.9952,99.52,HIGH,SUCCESS
lpn_n5.qasm,normal,0.04,5,5,5,16,16,0.26,1,0.6556,65.56,MEDIUM,SUCCESS
lpn_n5.qasm,gate_insertion,0.04,5,5,5,16,17,0.93,1,0.9866,98.66,HIGH,SUCCESS
lpn_n5.qasm,gate_deletion,0.04,5,5,5,16,15,0.625,1,0.9877,98.77,HIGH,SUCCESS
lpn_n5.qasm,gate_substitution,0.04,5,5,5,16,16,0.565,1,0.9956,99.56,HIGH,SUCCESS
lpn_n5.qasm,multiple_gate_insertion,0.04,5,5,7,16,18,0.305,1,0.9788,97.88,HIGH,SUCCESS
lpn_n5.qasm,normal,0.05,5,5,5,16,16,0.305,1,0.8802,88.02,HIGH,SUCCESS
lpn_n5.qasm,gate_insertion,0.05,5,5,5,16,17,0.575,1,0.9864,98.64,HIGH,SUCCESS
lpn_n5.qasm,gate_deletion,0.05,5,5,5,16,15,0.625,1,0.9877,98.77,HIGH,SUCCESS
lpn_n5.qasm,gate_substitution,0.05,5,5,5,16,16,0.58,1,0.9956,99.56,HIGH,SUCCESS
lpn_n5.qasm,multiple_gate_insertion,0.05,5,5,6,16,18,0.58,1,0.9952,99.52,HIGH,SUCCESS
pea_n5.qasm,normal,0.005,,,,,,,,,,,FAILED: 'unknown instruction: ctu'
pea_n5.qasm,gate_insertion,0.005,,,,,,,,,,,FAILED: 'unknown instruction: ctu'
pea_n5.qasm,gate_deletion,0.005,,,,,,,,,,,FAILED: 'unknown instruction: ctu'
pea_n5.qasm,gate_substitution,0.005,,,,,,,,,,,FAILED: 'unknown instruction: ctu'
pea_n5.qasm,multiple_gate_insertion,0.005,,,,,,,,,,,FAILED: 'unknown instruction: ctu'
pea_n5.qasm,normal,0.01,,,,,,,,,,,FAILED: 'unknown instruction: ctu'
pea_n5.qasm,gate_insertion,0.01,,,,,,,,,,,FAILED: 'unknown instruction: ctu'
pea_n5.qasm,gate_deletion,0.01,,,,,,,,,,,FAILED: 'unknown instruction: ctu'
pea_n5.qasm,gate_substitution,0.01,,,,,,,,,,,FAILED: 'unknown instruction: ctu'
pea_n5.qasm,multiple_gate_insertion,0.01,,,,,,,,,,,FAILED: 'unknown instruction: ctu'
pea_n5.qasm,normal,0.02,,,,,,,,,,,FAILED: 'unknown instruction: ctu'
pea_n5.qasm,gate_insertion,0.02,,,,,,,,,,,FAILED: 'unknown instruction: ctu'
pea_n5.qasm,gate_deletion,0.02,,,,,,,,,,,FAILED: 'unknown instruction: ctu'
pea_n5.qasm,gate_substitution,0.02,,,,,,,,,,,FAILED: 'unknown instruction: ctu'
pea_n5.qasm,multiple_gate_insertion,0.02,,,,,,,,,,,FAILED: 'unknown instruction: ctu'
pea_n5.qasm,normal,0.03,,,,,,,,,,,FAILED: 'unknown instruction: ctu'
pea_n5.qasm,gate_insertion,0.03,,,,,,,,,,,FAILED: 'unknown instruction: ctu'
pea_n5.qasm,gate_deletion,0.03,,,,,,,,,,,FAILED: 'unknown instruction: ctu'
pea_n5.qasm,gate_substitution,0.03,,,,,,,,,,,FAILED: 'unknown instruction: ctu'
pea_n5.qasm,multiple_gate_insertion,0.03,,,,,,,,,,,FAILED: 'unknown instruction: ctu'
pea_n5.qasm,normal,0.04,,,,,,,,,,,FAILED: 'unknown instruction: ctu'
pea_n5.qasm,gate_insertion,0.04,,,,,,,,,,,FAILED: 'unknown instruction: ctu'
pea_n5.qasm,gate_deletion,0.04,,,,,,,,,,,FAILED: 'unknown instruction: ctu'
pea_n5.qasm,gate_substitution,0.04,,,,,,,,,,,FAILED: 'unknown instruction: ctu'
pea_n5.qasm,multiple_gate_insertion,0.04,,,,,,,,,,,FAILED: 'unknown instruction: ctu'
pea_n5.qasm,normal,0.05,,,,,,,,,,,FAILED: 'unknown instruction: ctu'
pea_n5.qasm,gate_insertion,0.05,,,,,,,,,,,FAILED: 'unknown instruction: ctu'
pea_n5.qasm,gate_deletion,0.05,,,,,,,,,,,FAILED: 'unknown instruction: ctu'
pea_n5.qasm,gate_substitution,0.05,,,,,,,,,,,FAILED: 'unknown instruction: ctu'
pea_n5.qasm,multiple_gate_insertion,0.05,,,,,,,,,,,FAILED: 'unknown instruction: ctu'
qaoa_n3.qasm,normal,0.005,3,12,12,18,18,0.13,1,0.5441,54.41,MEDIUM,SUCCESS
qaoa_n3.qasm,gate_insertion,0.005,3,12,13,18,19,1.0,1,0.9966,99.66,HIGH,SUCCESS
qaoa_n3.qasm,gate_deletion,0.005,3,12,12,18,17,1.0,1,0.9923,99.23,HIGH,SUCCESS
qaoa_n3.qasm,gate_substitution,0.005,3,12,12,18,18,1.0,1,0.9966,99.66,HIGH,SUCCESS
qaoa_n3.qasm,multiple_gate_insertion,0.005,3,12,13,18,20,1.0,1,0.9976,99.76,HIGH,SUCCESS
qaoa_n3.qasm,normal,0.01,3,12,12,18,18,0.075,0,0.1003,10.03,LOW,SUCCESS
qaoa_n3.qasm,gate_insertion,0.01,3,12,13,18,19,1.0,1,0.9966,99.66,HIGH,SUCCESS
qaoa_n3.qasm,gate_deletion,0.01,3,12,11,18,17,1.0,1,0.9935,99.35,HIGH,SUCCESS
qaoa_n3.qasm,gate_substitution,0.01,3,12,12,18,18,1.0,1,0.9921,99.21,HIGH,SUCCESS
qaoa_n3.qasm,multiple_gate_insertion,0.01,3,12,14,18,20,1.0,1,0.9976,99.76,HIGH,SUCCESS
qaoa_n3.qasm,normal,0.02,3,12,12,18,18,0.125,1,0.5441,54.41,MEDIUM,SUCCESS
qaoa_n3.qasm,gate_insertion,0.02,3,12,13,18,19,1.0,1,0.997,99.7,HIGH,SUCCESS
qaoa_n3.qasm,gate_deletion,0.02,3,12,11,18,17,1.0,1,0.9935,99.35,HIGH,SUCCESS
qaoa_n3.qasm,gate_substitution,0.02,3,12,12,18,18,1.0,1,0.9921,99.21,HIGH,SUCCESS
qaoa_n3.qasm,multiple_gate_insertion,0.02,3,12,14,18,20,1.0,1,0.9973,99.73,HIGH,SUCCESS
qaoa_n3.qasm,normal,0.03,3,12,12,18,18,0.2,1,0.6403,64.03,MEDIUM,SUCCESS
qaoa_n3.qasm,gate_insertion,0.03,3,12,12,18,19,1.0,1,0.997,99.7,HIGH,SUCCESS
qaoa_n3.qasm,gate_deletion,0.03,3,12,12,18,17,1.0,1,0.9923,99.23,HIGH,SUCCESS
qaoa_n3.qasm,gate_substitution,0.03,3,12,12,18,18,1.0,1,0.9966,99.66,HIGH,SUCCESS
qaoa_n3.qasm,multiple_gate_insertion,0.03,3,12,12,18,20,1.0,1,0.9973,99.73,HIGH,SUCCESS
qaoa_n3.qasm,normal,0.04,3,12,12,18,18,0.12,0,0.3077,30.77,MEDIUM,SUCCESS
qaoa_n3.qasm,gate_insertion,0.04,3,12,13,18,19,1.0,1,0.9917,99.17,HIGH,SUCCESS
qaoa_n3.qasm,gate_deletion,0.04,3,12,12,18,17,1.0,1,0.9923,99.23,HIGH,SUCCESS
qaoa_n3.qasm,gate_substitution,0.04,3,12,12,18,18,1.0,1,0.9966,99.66,HIGH,SUCCESS
qaoa_n3.qasm,multiple_gate_insertion,0.04,3,12,13,18,20,1.0,1,0.999,99.9,HIGH,SUCCESS
qaoa_n3.qasm,normal,0.05,3,12,12,18,18,0.12,0,0.3077,30.77,MEDIUM,SUCCESS
qaoa_n3.qasm,gate_insertion,0.05,3,12,12,18,19,1.0,1,0.9921,99.21,HIGH,SUCCESS
qaoa_n3.qasm,gate_deletion,0.05,3,12,12,18,17,1.0,1,0.9923,99.23,HIGH,SUCCESS
qaoa_n3.qasm,gate_substitution,0.05,3,12,12,18,18,1.0,1,0.997,99.7,HIGH,SUCCESS
qaoa_n3.qasm,multiple_gate_insertion,0.05,3,12,13,18,20,1.0,1,0.999,99.9,HIGH,SUCCESS
qaoa_n6.qasm,normal,0.005,6,110,110,276,276,0.3,0,0.354,35.4,MEDIUM,SUCCESS
qaoa_n6.qasm,gate_insertion,0.005,6,110,110,276,277,0.385,1,0.8051,80.51,HIGH,SUCCESS
qaoa_n6.qasm,gate_deletion,0.005,6,110,110,276,275,0.34,1,0.8454,84.54,HIGH,SUCCESS
qaoa_n6.qasm,gate_substitution,0.005,6,110,110,276,276,0.34,1,0.8541,85.41,HIGH,SUCCESS
qaoa_n6.qasm,multiple_gate_insertion,0.005,6,110,111,276,278,0.325,1,0.9769,97.69,HIGH,SUCCESS
qaoa_n6.qasm,normal,0.01,6,110,110,276,276,0.29,0,0.354,35.4,MEDIUM,SUCCESS
qaoa_n6.qasm,gate_insertion,0.01,6,110,111,276,277,0.29,1,0.9769,97.69,HIGH,SUCCESS
qaoa_n6.qasm,gate_deletion,0.01,6,110,109,276,275,0.38,1,0.8784,87.84,HIGH,SUCCESS
qaoa_n6.qasm,gate_substitution,0.01,6,110,110,276,276,0.295,1,0.8917,89.17,HIGH,SUCCESS
qaoa_n6.qasm,multiple_gate_insertion,0.01,6,110,111,276,278,0.415,1,0.9739,97.39,HIGH,SUCCESS
qaoa_n6.qasm,normal,0.02,6,110,110,276,276,0.395,0,0.4622,46.22,MEDIUM,SUCCESS
qaoa_n6.qasm,gate_insertion,0.02,6,110,111,276,277,0.405,1,0.9062,90.62,HIGH,SUCCESS
qaoa_n6.qasm,gate_deletion,0.02,6,110,109,276,275,0.3,0,0.3631,36.31,MEDIUM,SUCCESS
qaoa_n6.qasm,gate_substitution,0.02,6,110,110,276,276,0.38,0,0.4845,48.45,MEDIUM,SUCCESS
qaoa_n6.qasm,multiple_gate_insertion,0.02,6,110,112,276,278,0.365,1,0.9965,99.65,HIGH,SUCCESS
qaoa_n6.qasm,normal,0.03,6,110,110,276,276,0.415,0,0.4622,46.22,MEDIUM,SUCCESS
qaoa_n6.qasm,gate_insertion,0.03,6,110,110,276,277,0.39,1,0.8159,81.59,HIGH,SUCCESS
qaoa_n6.qasm,gate_deletion,0.03,6,110,110,276,275,0.365,0,0.3775,37.75,MEDIUM,SUCCESS
qaoa_n6.qasm,gate_substitution,0.03,6,110,110,276,276,0.42,1,0.9393,93.93,HIGH,SUCCESS
qaoa_n6.qasm,multiple_gate_insertion,0.03,6,110,110,276,278,0.4,1,0.9762,97.62,HIGH,SUCCESS
qaoa_n6.qasm,normal,0.04,6,110,110,276,276,0.415,0,0.4622,46.22,MEDIUM,SUCCESS
qaoa_n6.qasm,gate_insertion,0.04,6,110,111,276,277,0.35,1,0.9671,96.71,HIGH,SUCCESS
qaoa_n6.qasm,gate_deletion,0.04,6,110,109,276,275,0.355,0,0.3792,37.92,MEDIUM,SUCCESS
qaoa_n6.qasm,gate_substitution,0.04,6,110,110,276,276,0.41,1,0.9836,98.36,HIGH,SUCCESS
qaoa_n6.qasm,multiple_gate_insertion,0.04,6,110,110,276,278,0.395,1,0.9794,97.94,HIGH,SUCCESS
qaoa_n6.qasm,normal,0.05,6,110,110,276,276,0.4,0,0.4622,46.22,MEDIUM,SUCCESS
qaoa_n6.qasm,gate_insertion,0.05,6,110,110,276,277,0.38,1,0.9714,97.14,HIGH,SUCCESS
qaoa_n6.qasm,gate_deletion,0.05,6,110,109,276,275,0.345,1,0.8801,88.01,HIGH,SUCCESS
qaoa_n6.qasm,gate_substitution,0.05,6,110,110,276,276,0.39,1,0.5021,50.21,MEDIUM,SUCCESS
qaoa_n6.qasm,multiple_gate_insertion,0.05,6,110,110,276,278,0.42,1,0.9794,97.94,HIGH,SUCCESS
qec_en_n5.qasm,normal,0.005,5,18,18,30,30,0.125,0,0.1257,12.57,LOW,SUCCESS
qec_en_n5.qasm,gate_insertion,0.005,5,18,18,30,31,0.55,1,0.9703,97.03,HIGH,SUCCESS
qec_en_n5.qasm,gate_deletion,0.005,5,18,17,30,29,0.105,0,0.1414,14.14,LOW,SUCCESS
qec_en_n5.qasm,gate_substitution,0.005,5,18,18,30,30,0.52,1,0.9915,99.15,HIGH,SUCCESS
qec_en_n5.qasm,multiple_gate_insertion,0.005,5,18,19,30,32,1.0,1,0.9913,99.13,HIGH,SUCCESS
qec_en_n5.qasm,normal,0.01,5,18,18,30,30,0.21,0,0.2275,22.75,LOW,SUCCESS
qec_en_n5.qasm,gate_insertion,0.01,5,18,18,30,31,0.94,1,0.9707,97.07,HIGH,SUCCESS
qec_en_n5.qasm,gate_deletion,0.01,5,18,18,30,29,0.58,1,0.9703,97.03,HIGH,SUCCESS
qec_en_n5.qasm,gate_substitution,0.01,5,18,18,30,30,0.795,1,0.9913,99.13,HIGH,SUCCESS
qec_en_n5.qasm,multiple_gate_insertion,0.01,5,18,18,30,32,0.995,1,0.9914,99.14,HIGH,SUCCESS
qec_en_n5.qasm,normal,0.02,5,18,18,30,30,0.31,1,0.7243,72.43,HIGH,SUCCESS
qec_en_n5.qasm,gate_insertion,0.02,5,18,18,30,31,0.935,1,0.9707,97.07,HIGH,SUCCESS
qec_en_n5.qasm,gate_deletion,0.02,5,18,18,30,29,0.64,1,0.9703,97.03,HIGH,SUCCESS
qec_en_n5.qasm,gate_substitution,0.02,5,18,18,30,30,0.625,1,0.9913,99.13,HIGH,SUCCESS
qec_en_n5.qasm,multiple_gate_insertion,0.02,5,18,19,30,32,0.955,1,0.9707,97.07,HIGH,SUCCESS
qec_en_n5.qasm,normal,0.03,5,18,18,30,30,0.37,1,0.8586,85.86,HIGH,SUCCESS
qec_en_n5.qasm,gate_insertion,0.03,5,18,18,30,31,0.89,1,0.9913,99.13,HIGH,SUCCESS
qec_en_n5.qasm,gate_deletion,0.03,5,18,17,30,29,0.51,1,0.9856,98.56,HIGH,SUCCESS
qec_en_n5.qasm,gate_substitution,0.03,5,18,18,30,30,0.655,1,0.9707,97.07,HIGH,SUCCESS
qec_en_n5.qasm,multiple_gate_insertion,0.03,5,18,18,30,32,0.73,1,0.9916,99.16,HIGH,SUCCESS
qec_en_n5.qasm,normal,0.04,5,18,18,30,30,0.565,1,0.9703,97.03,HIGH,SUCCESS
qec_en_n5.qasm,gate_insertion,0.04,5,18,18,30,31,0.735,1,0.9703,97.03,HIGH,SUCCESS
qec_en_n5.qasm,gate_deletion,0.04,5,18,18,30,29,0.765,1,0.9703,97.03,HIGH,SUCCESS
qec_en_n5.qasm,gate_substitution,0.04,5,18,18,30,30,0.65,1,0.9707,97.07,HIGH,SUCCESS
qec_en_n5.qasm,multiple_gate_insertion,0.04,5,18,20,30,32,0.61,1,0.9848,98.48,HIGH,SUCCESS
qec_en_n5.qasm,normal,0.05,5,18,18,30,30,0.62,1,0.9703,97.03,HIGH,SUCCESS
qec_en_n5.qasm,gate_insertion,0.05,5,18,19,30,31,0.83,1,0.9703,97.03,HIGH,SUCCESS
qec_en_n5.qasm,gate_deletion,0.05,5,18,17,30,29,0.66,1,0.9856,98.56,HIGH,SUCCESS
qec_en_n5.qasm,gate_substitution,0.05,5,18,18,30,30,0.745,1,0.9707,97.07,HIGH,SUCCESS
qec_en_n5.qasm,multiple_gate_insertion,0.05,5,18,18,30,32,0.975,1,0.9913,99.13,HIGH,SUCCESS
qec_sm_n5.qasm,normal,0.005,,,,,,,,,,,FAILED: 'unknown instruction: syndrome'
qec_sm_n5.qasm,gate_insertion,0.005,,,,,,,,,,,FAILED: 'unknown instruction: syndrome'
qec_sm_n5.qasm,gate_deletion,0.005,,,,,,,,,,,FAILED: 'unknown instruction: syndrome'
qec_sm_n5.qasm,gate_substitution,0.005,,,,,,,,,,,FAILED: 'unknown instruction: syndrome'
qec_sm_n5.qasm,multiple_gate_insertion,0.005,,,,,,,,,,,FAILED: 'unknown instruction: syndrome'
qec_sm_n5.qasm,normal,0.01,,,,,,,,,,,FAILED: 'unknown instruction: syndrome'
qec_sm_n5.qasm,gate_insertion,0.01,,,,,,,,,,,FAILED: 'unknown instruction: syndrome'
qec_sm_n5.qasm,gate_deletion,0.01,,,,,,,,,,,FAILED: 'unknown instruction: syndrome'
qec_sm_n5.qasm,gate_substitution,0.01,,,,,,,,,,,FAILED: 'unknown instruction: syndrome'
qec_sm_n5.qasm,multiple_gate_insertion,0.01,,,,,,,,,,,FAILED: 'unknown instruction: syndrome'
qec_sm_n5.qasm,normal,0.02,,,,,,,,,,,FAILED: 'unknown instruction: syndrome'
qec_sm_n5.qasm,gate_insertion,0.02,,,,,,,,,,,FAILED: 'unknown instruction: syndrome'
qec_sm_n5.qasm,gate_deletion,0.02,,,,,,,,,,,FAILED: 'unknown instruction: syndrome'
qec_sm_n5.qasm,gate_substitution,0.02,,,,,,,,,,,FAILED: 'unknown instruction: syndrome'
qec_sm_n5.qasm,multiple_gate_insertion,0.02,,,,,,,,,,,FAILED: 'unknown instruction: syndrome'
qec_sm_n5.qasm,normal,0.03,,,,,,,,,,,FAILED: 'unknown instruction: syndrome'
qec_sm_n5.qasm,gate_insertion,0.03,,,,,,,,,,,FAILED: 'unknown instruction: syndrome'
qec_sm_n5.qasm,gate_deletion,0.03,,,,,,,,,,,FAILED: 'unknown instruction: syndrome'
qec_sm_n5.qasm,gate_substitution,0.03,,,,,,,,,,,FAILED: 'unknown instruction: syndrome'
qec_sm_n5.qasm,multiple_gate_insertion,0.03,,,,,,,,,,,FAILED: 'unknown instruction: syndrome'
qec_sm_n5.qasm,normal,0.04,,,,,,,,,,,FAILED: 'unknown instruction: syndrome'
qec_sm_n5.qasm,gate_insertion,0.04,,,,,,,,,,,FAILED: 'unknown instruction: syndrome'
qec_sm_n5.qasm,gate_deletion,0.04,,,,,,,,,,,FAILED: 'unknown instruction: syndrome'
qec_sm_n5.qasm,gate_substitution,0.04,,,,,,,,,,,FAILED: 'unknown instruction: syndrome'
qec_sm_n5.qasm,multiple_gate_insertion,0.04,,,,,,,,,,,FAILED: 'unknown instruction: syndrome'
qec_sm_n5.qasm,normal,0.05,,,,,,,,,,,FAILED: 'unknown instruction: syndrome'
qec_sm_n5.qasm,gate_insertion,0.05,,,,,,,,,,,FAILED: 'unknown instruction: syndrome'
qec_sm_n5.qasm,gate_deletion,0.05,,,,,,,,,,,FAILED: 'unknown instruction: syndrome'
qec_sm_n5.qasm,gate_substitution,0.05,,,,,,,,,,,FAILED: 'unknown instruction: syndrome'
qec_sm_n5.qasm,multiple_gate_insertion,0.05,,,,,,,,,,,FAILED: 'unknown instruction: syndrome'
qft_n4.qasm,normal,0.005,4,9,9,17,17,0.16,0,0.3073,30.73,MEDIUM,SUCCESS
qft_n4.qasm,gate_insertion,0.005,4,9,10,17,18,0.2,1,0.9918,99.18,HIGH,SUCCESS
qft_n4.qasm,gate_deletion,0.005,4,9,9,17,16,0.53,1,0.9882,98.82,HIGH,SUCCESS
qft_n4.qasm,gate_substitution,0.005,4,9,9,17,17,0.145,1,0.9828,98.28,HIGH,SUCCESS
qft_n4.qasm,multiple_gate_insertion,0.005,4,9,10,17,19,0.455,1,0.9951,99.51,HIGH,SUCCESS
qft_n4.qasm,normal,0.01,4,9,9,17,17,0.145,0,0.3073,30.73,MEDIUM,SUCCESS
qft_n4.qasm,gate_insertion,0.01,4,9,10,17,18,0.155,0,0.3073,30.73,MEDIUM,SUCCESS
qft_n4.qasm,gate_deletion,0.01,4,9,9,17,16,0.54,1,0.9882,98.82,HIGH,SUCCESS
qft_n4.qasm,gate_substitution,0.01,4,9,9,17,17,0.565,1,0.9882,98.82,HIGH,SUCCESS
qft_n4.qasm,multiple_gate_insertion,0.01,4,9,10,17,19,0.19,1,0.9968,99.68,HIGH,SUCCESS
qft_n4.qasm,normal,0.02,4,9,9,17,17,0.095,0,0.0874,8.74,LOW,SUCCESS
qft_n4.qasm,gate_insertion,0.02,4,9,9,17,18,0.095,0,0.0874,8.74,LOW,SUCCESS
qft_n4.qasm,gate_deletion,0.02,4,9,8,17,16,0.445,1,0.9782,97.82,HIGH,SUCCESS
qft_n4.qasm,gate_substitution,0.02,4,9,9,17,17,0.54,1,0.9952,99.52,HIGH,SUCCESS
qft_n4.qasm,multiple_gate_insertion,0.02,4,9,10,17,19,0.535,1,0.9952,99.52,HIGH,SUCCESS
qft_n4.qasm,normal,0.03,4,9,9,17,17,0.2,1,0.5526,55.26,MEDIUM,SUCCESS
qft_n4.qasm,gate_insertion,0.03,4,9,9,17,18,0.155,1,0.9843,98.43,HIGH,SUCCESS
qft_n4.qasm,gate_deletion,0.03,4,9,9,17,16,0.185,0,0.4522,45.22,MEDIUM,SUCCESS
qft_n4.qasm,gate_substitution,0.03,4,9,9,17,17,0.515,1,0.9882,98.82,HIGH,SUCCESS
qft_n4.qasm,multiple_gate_insertion,0.03,4,9,9,17,19,0.195,1,0.9877,98.77,HIGH,SUCCESS
qft_n4.qasm,normal,0.04,4,9,9,17,17,0.1,0,0.0874,8.74,LOW,SUCCESS
qft_n4.qasm,gate_insertion,0.04,4,9,9,17,18,0.16,1,0.9843,98.43,HIGH,SUCCESS
qft_n4.qasm,gate_deletion,0.04,4,9,9,17,16,0.465,1,0.9869,98.69,HIGH,SUCCESS
qft_n4.qasm,gate_substitution,0.04,4,9,9,17,17,0.515,1,0.9882,98.82,HIGH,SUCCESS
qft_n4.qasm,multiple_gate_insertion,0.04,4,9,9,17,19,0.16,1,0.9904,99.04,HIGH,SUCCESS
qft_n4.qasm,normal,0.05,4,9,9,17,17,0.165,0,0.4414,44.14,MEDIUM,SUCCESS
qft_n4.qasm,gate_insertion,0.05,4,9,10,17,18,0.14,1,0.9843,98.43,HIGH,SUCCESS
qft_n4.qasm,gate_deletion,0.05,4,9,9,17,16,0.18,0,0.4522,45.22,MEDIUM,SUCCESS
qft_n4.qasm,gate_substitution,0.05,4,9,9,17,17,0.45,1,0.9869,98.69,HIGH,SUCCESS
qft_n4.qasm,multiple_gate_insertion,0.05,4,9,11,17,19,0.16,1,0.9843,98.43,HIGH,SUCCESS
qpe_n9.qasm,normal,0.005,9,21,21,42,42,0.26,1,0.5268,52.68,MEDIUM,SUCCESS
qpe_n9.qasm,gate_insertion,0.005,9,21,22,42,43,0.25,1,0.5918,59.18,MEDIUM,SUCCESS
qpe_n9.qasm,gate_deletion,0.005,9,21,20,42,41,0.485,1,0.9791,97.91,HIGH,SUCCESS
qpe_n9.qasm,gate_substitution,0.005,9,21,21,42,42,0.305,1,0.9734,97.34,HIGH,SUCCESS
qpe_n9.qasm,multiple_gate_insertion,0.005,9,21,22,42,44,0.42,1,0.9406,94.06,HIGH,SUCCESS
qpe_n9.qasm,normal,0.01,9,21,21,42,42,0.29,1,0.8112,81.12,HIGH,SUCCESS
qpe_n9.qasm,gate_insertion,0.01,9,21,22,42,43,0.375,1,0.9767,97.67,HIGH,SUCCESS
qpe_n9.qasm,gate_deletion,0.01,9,21,21,42,41,0.295,1,0.8112,81.12,HIGH,SUCCESS
qpe_n9.qasm,gate_substitution,0.01,9,21,21,42,42,0.27,1,0.9724,97.24,HIGH,SUCCESS
qpe_n9.qasm,multiple_gate_insertion,0.01,9,21,22,42,44,0.53,1,0.9974,99.74,HIGH,SUCCESS
qpe_n9.qasm,normal,0.02,9,21,21,42,42,0.255,1,0.5268,52.68,MEDIUM,SUCCESS
qpe_n9.qasm,gate_insertion,0.02,9,21,21,42,43,0.26,1,0.9858,98.58,HIGH,SUCCESS
qpe_n9.qasm,gate_deletion,0.02,9,21,20,42,41,0.29,1,0.8112,81.12,HIGH,SUCCESS
qpe_n9.qasm,gate_substitution,0.02,9,21,21,42,42,0.545,1,0.9791,97.91,HIGH,SUCCESS
qpe_n9.qasm,multiple_gate_insertion,0.02,9,21,22,42,44,0.595,1,0.9915,99.15,HIGH,SUCCESS
qpe_n9.qasm,normal,0.03,9,21,21,42,42,0.255,1,0.5268,52.68,MEDIUM,SUCCESS
qpe_n9.qasm,gate_insertion,0.03,9,21,21,42,43,0.28,1,0.5788,57.88,MEDIUM,SUCCESS
qpe_n9.qasm,gate_deletion,0.03,9,21,21,42,41,0.325,1,0.8112,81.12,HIGH,SUCCESS
qpe_n9.qasm,gate_substitution,0.03,9,21,21,42,42,0.465,1,0.9916,99.16,HIGH,SUCCESS
qpe_n9.qasm,multiple_gate_insertion,0.03,9,21,22,42,44,0.395,1,0.9263,92.63,HIGH,SUCCESS
qpe_n9.qasm,normal,0.04,9,21,21,42,42,0.295,1,0.8112,81.12,HIGH,SUCCESS
qpe_n9.qasm,gate_insertion,0.04,9,21,21,42,43,0.27,1,0.9787,97.87,HIGH,SUCCESS
qpe_n9.qasm,gate_deletion,0.04,9,21,20,42,41,0.27,1,0.5134,51.34,MEDIUM,SUCCESS
qpe_n9.qasm,gate_substitution,0.04,9,21,21,42,42,0.23,1,0.6149,61.49,MEDIUM,SUCCESS
qpe_n9.qasm,multiple_gate_insertion,0.04,9,21,22,42,44,0.555,1,0.9916,99.16,HIGH,SUCCESS
qpe_n9.qasm,normal,0.05,9,21,21,42,42,0.285,1,0.5134,51.34,MEDIUM,SUCCESS
qpe_n9.qasm,gate_insertion,0.05,9,21,22,42,43,0.585,1,0.9917,99.17,HIGH,SUCCESS
qpe_n9.qasm,gate_deletion,0.05,9,21,20,42,41,0.405,1,0.9418,94.18,HIGH,SUCCESS
qpe_n9.qasm,gate_substitution,0.05,9,21,21,42,42,0.4,1,0.9418,94.18,HIGH,SUCCESS
qpe_n9.qasm,multiple_gate_insertion,0.05,9,21,23,42,44,0.625,1,0.9916,99.16,HIGH,SUCCESS
